calgo_str,enforcer,info_loss_args_str,gen,alpha_dm,sample,enforcer_str,max_dist,anonymized_anonymity,alpha_adm,data,anonymized_attribute_anonymity,num_anonymized_edges,info_loss,num_removed_edges,max_k,handler_str,anonymized_degree_anonymity,za,gen_str,range_k,min_k,num_anonymized_entities,num_anonymized_fake_entities,calgo,num_raw_edges,num_fake_edges,gen_n,adm,dm,am,radm,num_raw_entities,removed_entities
hdbscan#max,ms,"0.50,0.50",zipf,0.5,-1,ms#0.00,0.0,1,0.5,freebase,25,1092801,adm,1293,50,n,1,2.0,"zipf#5,50,5,2",5,5,4985,0,hdbscan,43780,1050314,1,0.028525567409860196,0.0031619666666667756,0.053889168153053536,0.025602618947746576,5000,15
hdbscan#max,ms,"0.50,0.50",zipf,0.5,-1,ms#0.00,0.0,1,0.5,freebase,50,1111060,adm,519,50,n,1,2.0,"zipf#5,50,5,2",5,5,4985,0,hdbscan,43780,1067799,0,0.028775944906750204,0.003218393333333465,0.05433349648016701,0.025853834987439653,5000,15
hdbscan#max,ms,"0.50,0.50",zipf,0.5,-1,ms#0.00,0.0,1,0.5,freebase,50,1113510,adm,533,50,n,1,2.0,"zipf#5,50,5,2",5,5,4985,0,hdbscan,43780,1070263,2,0.028652327490353065,0.003242526666666808,0.05406212831403928,0.025729882021070273,5000,15
hdbscan#max,ms,"0.50,0.50",zipf,0.5,-1,ms#0.25,0.25,1,0.5,freebase,25,1084448,adm,1145,50,n,1,2.0,"zipf#5,50,5,2",5,5,4985,0,hdbscan,43780,1041813,2,0.028401790198641322,0.003165740000000121,0.053637840397282616,0.025478474981660483,5000,15
hdbscan#max,ms,"0.50,0.50",zipf,0.5,-1,ms#0.25,0.25,1,0.5,freebase,25,1106776,adm,1303,50,n,1,2.0,"zipf#5,50,5,2",5,5,4985,0,hdbscan,43780,1064299,0,0.029157392776962388,0.003188713333333439,0.055126072220591335,0.02623638585629647,5000,15
hdbscan#max,ms,"0.50,0.50",zipf,0.5,-1,ms#0.25,0.25,1,0.5,freebase,50,1107866,adm,1369,50,n,1,2.0,"zipf#5,50,5,2",5,5,4985,0,hdbscan,43780,1065455,1,0.02911835704760822,0.0031678733333334783,0.05506884076188295,0.026197201218968246,5000,15
hdbscan#max,ms,"0.50,0.50",zipf,0.5,-1,ms#0.50,0.5,1,0.5,freebase,25,1095151,adm,1213,50,n,1,2.0,"zipf#5,50,5,2",5,5,4994,0,hdbscan,43780,1052584,2,0.027290812218668265,0.0013897200000000834,0.053191904437336464,0.026122272914928683,5000,6
hdbscan#max,ms,"0.50,0.50",zipf,0.5,-1,ms#0.50,0.5,1,0.5,freebase,25,1112051,adm,724,50,n,1,2.0,"zipf#5,50,5,2",5,5,4994,0,hdbscan,43780,1068995,1,0.02805168466898203,0.0014186933333333912,0.05468467600463058,0.026884076934952247,5000,6
hdbscan#max,ms,"0.50,0.50",zipf,0.5,-1,ms#0.50,0.5,2,0.5,freebase,25,1105989,adm,902,50,n,3,2.0,"zipf#5,50,5,2",5,5,4994,0,hdbscan,43780,1063111,0,0.02778134843265662,0.0014174800000000755,0.05414521686531309,0.026613415175641114,5000,6
hdbscan#max,ms,"0.50,0.50",zipf,0.5,-1,ms#0.75,0.75,1,0.5,freebase,25,1097011,adm,546,50,n,1,2.0,"zipf#5,50,5,2",5,5,5000,0,hdbscan,43780,1053777,1,0.025989093193021763,0.00022573333333332065,0.05175245305271028,0.025989093193021763,5000,0
hdbscan#max,ms,"0.50,0.50",zipf,0.5,-1,ms#0.75,0.75,1,0.5,freebase,25,1118997,adm,424,50,n,1,2.0,"zipf#5,50,5,2",5,5,5000,0,hdbscan,43780,1075641,0,0.0267568447756933,0.00022543999999998695,0.0532882495513868,0.0267568447756933,5000,0
hdbscan#max,ms,"0.50,0.50",zipf,0.5,-1,ms#0.75,0.75,1,0.5,freebase,25,1122200,adm,703,50,n,1,2.0,"zipf#5,50,5,2",5,5,5000,0,hdbscan,43780,1079123,2,0.026772982539724655,0.00020511999999998887,0.053340845079449056,0.026772982539724655,5000,0
hdbscan#max,ms,"0.50,0.50",zipf,0.5,-1,ms#1.00,1.0,1,0.5,freebase,25,1112501,adm,1152,50,n,1,2.0,"zipf#5,50,5,2",5,5,5000,0,hdbscan,43780,1069873,1,0.026618683729245113,0.00017945333333332317,0.053057914125156785,0.026618683729245113,5000,0
hdbscan#max,ms,"0.50,0.50",zipf,0.5,-1,ms#1.00,1.0,1,0.5,freebase,25,1124622,adm,507,50,n,1,2.0,"zipf#5,50,5,2",5,5,5000,0,hdbscan,43780,1081349,0,0.02683986640047851,0.00024150666666665285,0.05343822613429069,0.02683986640047851,5000,0
hdbscan#max,ms,"0.50,0.50",zipf,0.5,-1,ms#1.00,1.0,1,0.5,freebase,50,1125222,adm,739,50,n,2,2.0,"zipf#5,50,5,2",5,5,5000,0,hdbscan,43780,1082181,2,0.026893664303135365,0.00022671999999998653,0.05356060860627063,0.026893664303135365,5000,0
hdbscan#max,sr,"0.50,0.50",te,0.5,-1,sr,,1,0.5,freebase,622,19808547,adm,459,50,n,1,,"te#5,50,5",5,5,4985,0,hdbscan,43780,19765226,0,0.33390566247437076,0.003496566666666616,0.6643147582820739,0.33190211591338453,5000,15
hdbscan#max,sr,"0.50,0.50",te,0.5,-1,sr,,2,0.5,freebase,15,19809936,adm,318,5,n,2,,"te#2,5,1",1,2,5000,0,hdbscan,43780,19766474,0,0.330948233594612,0.0004970533333333012,0.66139941385589,0.330948233594612,5000,0
hdbscan#max,sr,"0.50,0.50",zipf,0.5,-1,sr,,1,0.5,freebase,622,19808547,adm,459,50,n,1,2.0,"zipf#5,50,5,2",5,5,4985,0,hdbscan,43780,19765226,1,0.33390566247437076,0.003496566666666616,0.6643147582820739,0.33190211591338453,5000,15
hdbscan#max,sr,"0.50,0.50",zipf,0.5,-1,sr,,2,0.5,freebase,15,19809936,adm,318,5,n,2,2.0,"zipf#2,5,1,2",1,2,5000,0,hdbscan,43780,19766474,1,0.330948233594612,0.0004970533333333012,0.66139941385589,0.330948233594612,5000,0
hdbscan#mean,ms,"0.50,0.50",zipf,0.5,-1,ms#0.00,0.0,1,0.5,freebase,25,1088331,adm,815,50,n,1,2.0,"zipf#5,50,5,2",5,5,4985,0,hdbscan,43780,1045366,2,0.028381151580980164,0.003208553333333394,0.05355374982862694,0.025457838868900795,5000,15
hdbscan#mean,ms,"0.50,0.50",zipf,0.5,-1,ms#0.00,0.0,1,0.5,freebase,25,1089610,adm,1155,50,n,1,2.0,"zipf#5,50,5,2",5,5,4985,0,hdbscan,43780,1046985,1,0.028543986619132402,0.003180646666666839,0.053907326571598205,0.025621121769797875,5000,15
hdbscan#mean,ms,"0.50,0.50",zipf,0.5,-1,ms#0.00,0.0,1,0.5,freebase,25,1099266,adm,1175,50,n,1,2.0,"zipf#5,50,5,2",5,5,4985,0,hdbscan,43780,1056661,0,0.028531692799593777,0.003227286666666771,0.05383609893252102,0.025608861339479844,5000,15
hdbscan#mean,ms,"0.50,0.50",zipf,0.5,-1,ms#0.25,0.25,1,0.5,freebase,25,1092609,adm,1195,50,n,1,2.0,"zipf#5,50,5,2",5,5,4985,0,hdbscan,43780,1050024,1,0.02847598781010891,0.003187153333333463,0.05376482228688435,0.02555292816934112,5000,15
hdbscan#mean,ms,"0.50,0.50",zipf,0.5,-1,ms#0.25,0.25,1,0.5,freebase,25,1097033,adm,1776,50,n,1,2.0,"zipf#5,50,5,2",5,5,4985,0,hdbscan,43780,1055029,0,0.028747058438144974,0.003151233333333465,0.05434288354295663,0.02582476025149713,5000,15
hdbscan#mean,ms,"0.50,0.50",zipf,0.5,-1,ms#0.25,0.25,1,0.5,freebase,25,1104009,adm,774,50,n,1,2.0,"zipf#5,50,5,2",5,5,4985,0,hdbscan,43780,1061003,2,0.02891903039209186,0.003213873333333458,0.054624187450850084,0.02599734420001776,5000,15
hdbscan#mean,ms,"0.50,0.50",zipf,0.5,-1,ms#0.50,0.5,1,0.5,freebase,25,1085980,adm,1502,50,n,1,2.0,"zipf#5,50,5,2",5,5,4994,0,hdbscan,43780,1043702,1,0.027020184865562517,0.0013590800000000617,0.05268128973112508,0.02585130199062654,5000,6
hdbscan#mean,ms,"0.50,0.50",zipf,0.5,-1,ms#0.50,0.5,1,0.5,freebase,25,1111536,adm,876,50,n,1,2.0,"zipf#5,50,5,2",5,5,4994,0,hdbscan,43780,1068632,0,0.027784020830173374,0.0014021600000000602,0.05416588166034698,0.02661608156978737,5000,6
hdbscan#mean,ms,"0.50,0.50",zipf,0.5,-1,ms#0.50,0.5,1,0.5,freebase,25,1119501,adm,686,50,n,1,2.0,"zipf#5,50,5,2",5,5,4994,0,hdbscan,43780,1076407,2,0.028015003874824054,0.0014339333333334015,0.05459607441631489,0.026847361236942802,5000,6
hdbscan#mean,ms,"0.50,0.50",zipf,0.5,-1,ms#0.75,0.75,1,0.5,freebase,25,1094294,adm,1012,50,n,1,2.0,"zipf#5,50,5,2",5,5,5000,0,hdbscan,43780,1051526,2,0.02603232078339149,0.00018247999999998984,0.05188216156678311,0.02603232078339149,5000,0
hdbscan#mean,ms,"0.50,0.50",zipf,0.5,-1,ms#0.75,0.75,1,0.5,freebase,25,1100929,adm,500,50,n,1,2.0,"zipf#5,50,5,2",5,5,5000,0,hdbscan,43780,1057649,1,0.026249787750774613,0.00022802666666665367,0.052271548834882664,0.026249787750774613,5000,0
hdbscan#mean,ms,"0.50,0.50",zipf,0.5,-1,ms#0.75,0.75,1,0.5,freebase,25,1107689,adm,509,50,n,1,2.0,"zipf#5,50,5,2",5,5,5000,0,hdbscan,43780,1064418,0,0.026406617697355795,0.0002169599999999889,0.05259627539471164,0.026406617697355795,5000,0
hdbscan#mean,ms,"0.50,0.50",zipf,0.5,-1,ms#1.00,1.0,1,0.5,freebase,25,1085446,adm,1590,50,n,1,2.0,"zipf#5,50,5,2",5,5,5000,0,hdbscan,43780,1043256,2,0.02577559687311338,0.0001317199999999928,0.05141947374622667,0.02577559687311338,5000,0
hdbscan#mean,ms,"0.50,0.50",zipf,0.5,-1,ms#1.00,1.0,1,0.5,freebase,26,1115709,adm,1024,50,n,1,2.0,"zipf#5,50,5,2",5,5,5000,0,hdbscan,43780,1072953,1,0.026688762164729932,0.0001856799999999903,0.05319184432946014,0.026688762164729932,5000,0
hdbscan#mean,ms,"0.50,0.50",zipf,0.5,-1,ms#1.00,1.0,1,0.5,freebase,50,1119951,adm,597,50,n,1,2.0,"zipf#5,50,5,2",5,5,5000,0,hdbscan,43780,1076768,0,0.026608571903332597,0.00021653333333332135,0.05300061047333162,0.026608571903332597,5000,0
hdbscan#mean,sr,"0.50,0.50",te,0.5,-1,sr,,1,0.5,freebase,2,19209154,adm,2035,5,n,1,,"te#2,5,1",1,2,4998,0,hdbscan,43780,19167409,0,0.32110274658336097,0.0005566799999999903,0.6416488131667211,0.3208311103760516,5000,2
hdbscan#mean,sr,"0.50,0.50",te,0.5,-1,sr,,1,0.5,freebase,622,19808547,adm,459,50,n,1,,"te#5,50,5",5,5,4985,0,hdbscan,43780,19765226,0,0.33390566247437076,0.003496566666666616,0.6643147582820739,0.33190211591338453,5000,15
hdbscan#mean,sr,"0.50,0.50",zipf,0.5,-1,sr,,1,0.5,freebase,2,19204381,adm,2216,5,n,1,2.0,"zipf#2,5,1,2",1,2,4966,0,hdbscan,43780,19162817,0,0.32747843186679276,0.006914346666666587,0.6480425170669201,0.3228743690165693,5000,34
hdbscan#mean,sr,"0.50,0.50",zipf,0.5,-1,sr,,1,0.5,freebase,2,19216913,adm,1668,5,n,1,2.0,"zipf#2,5,1,2",1,2,4981,0,hdbscan,43780,19174801,2,0.3245504821873208,0.004054933333333615,0.6450460310413062,0.32197447139961277,5000,19
hdbscan#mean,sr,"0.50,0.50",zipf,0.5,-1,sr,,1,0.5,freebase,2,19218123,adm,1610,5,n,1,2.0,"zipf#2,5,1,2",1,2,4967,0,hdbscan,43780,19175953,1,0.3273571953661458,0.006872000000000564,0.6478423907322903,0.32288916743473395,5000,33
hdbscan#mean,sr,"0.50,0.50",zipf,0.5,-1,sr,,1,0.5,freebase,622,19808547,adm,459,50,n,1,2.0,"zipf#5,50,5,2",5,5,4985,0,hdbscan,43780,19765226,1,0.33390566247437076,0.003496566666666616,0.6643147582820739,0.33190211591338453,5000,15
hdbscan#min,ms,"0.50,0.50",zipf,0.5,-1,ms#0.00,0.0,1,0.5,freebase,12,1091285,adm,1003,50,n,1,2.0,"zipf#5,50,5,2",5,5,4985,0,hdbscan,43780,1048508,1,0.02853165918263525,0.0031845666666667984,0.053878751698604184,0.025608763155149903,5000,15
hdbscan#min,ms,"0.50,0.50",zipf,0.5,-1,ms#0.00,0.0,1,0.5,freebase,25,1079017,adm,1212,50,n,1,2.0,"zipf#5,50,5,2",5,5,4985,0,hdbscan,43780,1036449,0,0.027953544872414186,0.0031865933333334664,0.05272049641149516,0.02502891234163574,5000,15
hdbscan#min,ms,"0.50,0.50",zipf,0.5,-1,ms#0.00,0.0,1,0.5,freebase,25,1081118,adm,1421,50,n,1,2.0,"zipf#5,50,5,2",5,5,4985,0,hdbscan,43780,1038759,2,0.0280924224593009,0.0031600733333334886,0.05302477158526831,0.02516816779518384,5000,15
hdbscan#min,ms,"0.50,0.50",zipf,0.5,-1,ms#0.25,0.25,1,0.5,freebase,25,1085529,adm,1136,50,n,1,2.0,"zipf#5,50,5,2",5,5,4985,0,hdbscan,43780,1042885,2,0.028180496031986677,0.003196446666666817,0.053164545397306494,0.025256561272474033,5000,15
hdbscan#min,ms,"0.50,0.50",zipf,0.5,-1,ms#0.25,0.25,1,0.5,freebase,25,1092914,adm,1056,50,n,1,2.0,"zipf#5,50,5,2",5,5,4985,0,hdbscan,43780,1050190,0,0.02856995919338351,0.0032115400000000834,0.053928378386767055,0.025647219115524474,5000,15
hdbscan#min,ms,"0.50,0.50",zipf,0.5,-1,ms#0.25,0.25,1,0.5,freebase,25,1107835,adm,1482,50,n,1,2.0,"zipf#5,50,5,2",5,5,4985,0,hdbscan,43780,1065537,1,0.029180984974039637,0.003145140000000071,0.05521682994807927,0.026259983289001886,5000,15
hdbscan#min,ms,"0.50,0.50",zipf,0.5,-1,ms#0.50,0.5,1,0.5,freebase,49,1097887,adm,1785,50,n,1,2.0,"zipf#5,50,5,2",5,5,4994,0,hdbscan,43780,1055892,1,0.027369848287343717,0.0013637600000000825,0.05337593657468757,0.02620138832738556,5000,6
hdbscan#min,ms,"0.50,0.50",zipf,0.5,-1,ms#0.50,0.5,1,0.5,freebase,50,1118352,adm,435,50,n,2,2.0,"zipf#5,50,5,2",5,5,4994,0,hdbscan,43780,1075007,2,0.027821356200331365,0.001462933333333417,0.05417977906732934,0.026653498347888258,5000,6
hdbscan#min,ms,"0.50,0.50",zipf,0.5,-1,ms#0.50,0.5,1,0.5,freebase,50,1125914,adm,1181,50,n,1,2.0,"zipf#5,50,5,2",5,5,4994,0,hdbscan,43780,1083315,0,0.028301227665445447,0.00140396000000007,0.05519849533089098,0.027133910881530977,5000,6
hdbscan#min,ms,"0.50,0.50",zipf,0.5,-1,ms#0.75,0.75,1,0.5,freebase,25,1069936,adm,1988,50,n,1,2.0,"zipf#5,50,5,2",5,5,5000,0,hdbscan,43780,1028144,0,0.02555126318410422,9.527999999999525e-05,0.05100724636820835,0.02555126318410422,5000,0
hdbscan#min,ms,"0.50,0.50",zipf,0.5,-1,ms#0.75,0.75,1,0.5,freebase,25,1092917,adm,1151,50,n,1,2.0,"zipf#5,50,5,2",5,5,5000,0,hdbscan,43780,1050288,2,0.026090578814623143,0.00018999999999998947,0.051991157629246595,0.026090578814623143,5000,0
hdbscan#min,ms,"0.50,0.50",zipf,0.5,-1,ms#0.75,0.75,1,0.5,freebase,50,1125081,adm,613,50,n,1,2.0,"zipf#5,50,5,2",5,5,5000,0,hdbscan,43780,1081914,1,0.026805453350481172,0.0002178666666666556,0.05339304003429561,0.026805453350481172,5000,0
hdbscan#min,ms,"0.50,0.50",zipf,0.5,-1,ms#1.00,1.0,1,0.5,freebase,25,1094868,adm,508,50,n,1,2.0,"zipf#5,50,5,2",5,5,5000,0,hdbscan,43780,1051596,0,0.02601440919882541,0.0002309466666666538,0.051797871730984275,0.02601440919882541,5000,0
hdbscan#min,ms,"0.50,0.50",zipf,0.5,-1,ms#1.00,1.0,1,0.5,freebase,50,1123111,adm,1194,50,n,1,2.0,"zipf#5,50,5,2",5,5,5000,0,hdbscan,43780,1080525,1,0.026972196381062345,0.00016517333333332471,0.053779219428791145,0.026972196381062345,5000,0
hdbscan#min,ms,"0.50,0.50",zipf,0.5,-1,ms#1.00,1.0,1,0.5,freebase,50,1125590,adm,965,50,n,1,2.0,"zipf#5,50,5,2",5,5,5000,0,hdbscan,43780,1082775,2,0.026877405868478206,0.0002408133333333184,0.053513998403622864,0.026877405868478206,5000,0
hdbscan#min,sr,"0.50,0.50",te,0.5,-1,sr,,1,0.5,freebase,2,19209154,adm,2035,5,n,1,,"te#2,5,1",1,2,4998,0,hdbscan,43780,19167409,0,0.32110274658336097,0.0005566799999999903,0.6416488131667211,0.3208311103760516,5000,2
hdbscan#min,sr,"0.50,0.50",te,0.5,-1,sr,,1,0.5,freebase,622,19808547,adm,459,50,n,1,,"te#5,50,5",5,5,4985,0,hdbscan,43780,19765226,0,0.33390566247437076,0.003496566666666616,0.6643147582820739,0.33190211591338453,5000,15
hdbscan#min,sr,"0.50,0.50",zipf,0.5,-1,sr,,1,0.5,freebase,2,19204381,adm,2216,5,n,1,2.0,"zipf#2,5,1,2",1,2,4966,0,hdbscan,43780,19162817,0,0.32747843186679276,0.006914346666666587,0.6480425170669201,0.3228743690165693,5000,34
hdbscan#min,sr,"0.50,0.50",zipf,0.5,-1,sr,,1,0.5,freebase,2,19216913,adm,1668,5,n,1,2.0,"zipf#2,5,1,2",1,2,4981,0,hdbscan,43780,19174801,2,0.3245504821873208,0.004054933333333615,0.6450460310413062,0.32197447139961277,5000,19
hdbscan#min,sr,"0.50,0.50",zipf,0.5,-1,sr,,1,0.5,freebase,2,19218123,adm,1610,5,n,1,2.0,"zipf#2,5,1,2",1,2,4967,0,hdbscan,43780,19175953,1,0.3273571953661458,0.006872000000000564,0.6478423907322903,0.32288916743473395,5000,33
hdbscan#min,sr,"0.50,0.50",zipf,0.5,-1,sr,,1,0.5,freebase,622,19808547,adm,459,50,n,1,2.0,"zipf#5,50,5,2",5,5,4985,0,hdbscan,43780,19765226,1,0.33390566247437076,0.003496566666666616,0.6643147582820739,0.33190211591338453,5000,15
km#max,ms,"0.50,0.50",zipf,0.5,-1,ms#0.00,0.0,1,0.5,freebase,5,928526,adm,10528,50,n,1,2.0,"zipf#5,50,5,2",5,5,4053,0,km,43780,895274,1,0.21046331000880017,0.18950393333332696,0.2314226866842671,0.025999817706226405,5000,947
km#max,ms,"0.50,0.50",zipf,0.5,-1,ms#0.00,0.0,1,0.5,freebase,6,913848,adm,11145,50,n,1,2.0,"zipf#5,50,5,2",5,5,4005,0,km,43780,881213,0,0.21960911480861708,0.19910782666665816,0.24011040295056688,0.02574595381714713,5000,995
km#max,ms,"0.50,0.50",zipf,0.5,-1,ms#0.00,0.0,1,0.5,freebase,14,919162,adm,11089,50,n,1,2.0,"zipf#5,50,5,2",5,5,4053,0,km,43780,886471,2,0.2101703835794563,0.18948625333332944,0.2308545138255801,0.025635899705436734,5000,947
km#max,ms,"0.50,0.50",zipf,0.5,-1,ms#0.25,0.25,1,0.5,freebase,8,1141863,adm,1747,50,n,1,2.0,"zipf#5,50,5,2",5,5,4985,0,km,43780,1099830,1,0.029755339944357074,0.0031302733333333933,0.05638040655538084,0.02683604407457476,5000,15
km#max,ms,"0.50,0.50",zipf,0.5,-1,ms#0.25,0.25,1,0.5,freebase,20,1187169,adm,822,50,n,2,2.0,"zipf#5,50,5,2",5,5,4985,0,km,43780,1144211,2,0.030442258239797456,0.0032382466666667697,0.05764626981292848,0.02752519226191925,5000,15
km#max,ms,"0.50,0.50",zipf,0.5,-1,ms#0.25,0.25,1,0.5,freebase,25,1150704,adm,1114,50,n,1,2.0,"zipf#5,50,5,2",5,5,4985,0,km,43780,1108038,0,0.029929743743610487,0.003189486666666794,0.05667000082055433,0.02701106201491105,5000,15
km#max,ms,"0.50,0.50",zipf,0.5,-1,ms#0.50,0.5,1,0.5,freebase,5,1144067,adm,855,50,n,1,2.0,"zipf#5,50,5,2",5,5,4999,0,km,43780,1101142,0,0.027856450100771906,0.0004147466666666575,0.05529815353487711,0.027662003980530418,5000,1
km#max,ms,"0.50,0.50",zipf,0.5,-1,ms#0.50,0.5,1,0.5,freebase,8,1175771,adm,542,50,n,1,2.0,"zipf#5,50,5,2",5,5,4999,0,km,43780,1132533,1,0.02879691057863784,0.0004412399999999951,0.0571525811572759,0.028602655238511434,5000,1
km#max,ms,"0.50,0.50",zipf,0.5,-1,ms#0.50,0.5,1,0.5,freebase,20,1186154,adm,1567,50,n,1,2.0,"zipf#5,50,5,2",5,5,4999,0,km,43780,1143941,2,0.02963704423437081,0.00038930666666665386,0.05888478180207477,0.029442951759175995,5000,1
km#max,ms,"0.50,0.50",zipf,0.5,-1,ms#0.75,0.75,1,0.5,freebase,5,1139379,adm,1814,50,n,1,2.0,"zipf#5,50,5,2",5,5,5000,0,km,43780,1097413,0,0.027695715536729153,0.00017023999999999094,0.055221191073458305,0.027695715536729153,5000,0
km#max,ms,"0.50,0.50",zipf,0.5,-1,ms#0.75,0.75,1,0.5,freebase,8,1174655,adm,1165,50,n,1,2.0,"zipf#5,50,5,2",5,5,5000,0,km,43780,1132040,1,0.029461351352706056,0.00016754666666665658,0.05875515603874552,0.029461351352706056,5000,0
km#max,ms,"0.50,0.50",zipf,0.5,-1,ms#0.75,0.75,1,0.5,freebase,20,1186041,adm,1109,50,n,1,2.0,"zipf#5,50,5,2",5,5,5000,0,km,43780,1143370,2,0.029309212105739307,0.00020801333333332245,0.05841041087814526,0.029309212105739307,5000,0
km#max,ms,"0.50,0.50",zipf,0.5,-1,ms#1.00,1.0,1,0.5,freebase,5,1135502,adm,842,50,n,1,2.0,"zipf#5,50,5,2",5,5,5000,0,km,43780,1092564,0,0.027475423793806356,0.0002211999999999876,0.05472964758761305,0.027475423793806356,5000,0
km#max,ms,"0.50,0.50",zipf,0.5,-1,ms#1.00,1.0,1,0.5,freebase,8,1173287,adm,536,50,n,1,2.0,"zipf#5,50,5,2",5,5,5000,0,km,43780,1130043,1,0.028973087693850475,0.00023929333333331967,0.05770688205436764,0.028973087693850475,5000,0
km#max,ms,"0.50,0.50",zipf,0.5,-1,ms#1.00,1.0,1,0.5,freebase,20,1188225,adm,1008,50,n,1,2.0,"zipf#5,50,5,2",5,5,5000,0,km,43780,1145453,2,0.02939429667896149,0.00021473333333332155,0.058573860024589655,0.02939429667896149,5000,0
km#max,sr,"0.50,0.50",te,0.5,-1,sr,,1,0.5,freebase,2,784489,adm,7321,5,n,1,,"te#2,5,1",1,2,4403,0,km,43780,748030,0,0.13401133689285288,0.11950315333333167,0.14851952045237318,0.016600420327774944,5000,597
km#max,sr,"0.50,0.50",te,0.5,-1,sr,,1,0.5,freebase,20,4791271,adm,6647,50,n,2,,"te#5,50,5",5,5,4517,0,km,43780,4754138,0,0.192607214606718,0.09669760666666885,0.288516822546769,0.1062789828611814,5000,483
km#max,sr,"0.50,0.50",zipf,0.5,-1,sr,,1,0.5,freebase,2,828873,adm,8850,5,n,1,2.0,"zipf#2,5,1,2",1,2,4201,0,km,43780,793943,2,0.1753922740769769,0.15991539333333085,0.19086915482062108,0.01857087308760954,5000,799
km#max,sr,"0.50,0.50",zipf,0.5,-1,sr,,1,0.5,freebase,2,856867,adm,8547,5,n,1,2.0,"zipf#2,5,1,2",1,2,4226,0,km,43780,821634,0,0.17099617599158973,0.15493768666666488,0.18705466531651305,0.01917745477998379,5000,774
km#max,sr,"0.50,0.50",zipf,0.5,-1,sr,,1,0.5,freebase,2,956697,adm,9072,5,n,1,2.0,"zipf#2,5,1,2",1,2,4193,0,km,43780,921989,1,0.1794138518485402,0.16151752666666347,0.1973101770304135,0.021494349693508205,5000,807
km#max,sr,"0.50,0.50",zipf,0.5,-1,sr,,1,0.5,freebase,5,3762845,adm,10527,50,n,1,2.0,"zipf#5,50,5,2",5,5,4053,0,km,43780,3729592,1,0.2674998015678378,0.1895299066666596,0.34546969646900877,0.09636686180533081,5000,947
km#max,sr,"0.50,0.50",zipf,0.5,-1,sr,,1,0.5,freebase,6,4390698,adm,10697,50,n,1,2.0,"zipf#5,50,5,2",5,5,4005,0,km,43780,4357615,0,0.2889538710357549,0.1991993333333329,0.3787084087381751,0.11233287411694447,5000,995
km#max,sr,"0.50,0.50",zipf,0.5,-1,sr,,1,0.5,freebase,14,3457055,adm,11425,50,n,2,2.0,"zipf#5,50,5,2",5,5,4053,0,km,43780,3424700,2,0.26176813908747826,0.18944169333332916,0.33409458484162396,0.08928325930948819,5000,947
km#mean,ms,"0.50,0.50",zipf,0.5,-1,ms#0.00,0.0,1,0.5,freebase,5,307530,adm,32467,50,n,1,2.0,"zipf#5,50,5,2",5,5,1573,0,km,43780,296217,0,0.6911823979423717,0.6854244866666658,0.696940309218077,0.018464945176418262,5000,3427
km#mean,ms,"0.50,0.50",zipf,0.5,-1,ms#0.00,0.0,1,0.5,freebase,5,354511,adm,31317,50,n,1,2.0,"zipf#5,50,5,2",5,5,1680,0,km,43780,342048,2,0.6707930345801308,0.6640274733333258,0.6775585958269251,0.020298157291578852,5000,3320
km#mean,ms,"0.50,0.50",zipf,0.5,-1,ms#0.00,0.0,1,0.5,freebase,5,391526,adm,29971,50,n,1,2.0,"zipf#5,50,5,2",5,5,1834,0,km,43780,377717,1,0.6405945090911841,0.6332218733333256,0.6479671448490323,0.020210983791999364,5000,3166
km#mean,ms,"0.50,0.50",zipf,0.5,-1,ms#0.25,0.25,1,0.5,freebase,9,1237702,adm,1948,50,n,1,2.0,"zipf#5,50,5,2",5,5,4985,0,km,43780,1195870,0,0.03254522580047676,0.003133100000000149,0.06195735160095355,0.029634329038344145,5000,15
km#mean,ms,"0.50,0.50",zipf,0.5,-1,ms#0.25,0.25,1,0.5,freebase,15,1208163,adm,1439,50,n,1,2.0,"zipf#5,50,5,2",5,5,4985,0,km,43780,1165822,2,0.03144275245164736,0.0031519000000001197,0.05973360490329486,0.02852856668731598,5000,15
km#mean,ms,"0.50,0.50",zipf,0.5,-1,ms#0.25,0.25,1,0.5,freebase,28,1195189,adm,1649,50,n,1,2.0,"zipf#5,50,5,2",5,5,4985,0,km,43780,1153058,1,0.03150751625462217,0.0031530466666668325,0.05986198584257767,0.02859352709669469,5000,15
km#mean,ms,"0.50,0.50",zipf,0.5,-1,ms#0.50,0.5,1,0.5,freebase,5,1188328,adm,840,50,n,1,2.0,"zipf#5,50,5,2",5,5,4999,0,km,43780,1145388,2,0.0290374701060141,0.00041843999999999405,0.05765650021202814,0.02884326060650504,5000,1
km#mean,ms,"0.50,0.50",zipf,0.5,-1,ms#0.50,0.5,1,0.5,freebase,12,1232694,adm,1096,50,n,1,2.0,"zipf#5,50,5,2",5,5,5000,0,km,43780,1190010,0,0.03005106703945504,0.00016246666666665767,0.05993966741224349,0.03005106703945504,5000,0
km#mean,ms,"0.50,0.50",zipf,0.5,-1,ms#0.50,0.5,1,0.5,freebase,19,1218065,adm,2064,50,n,1,2.0,"zipf#5,50,5,2",5,5,5000,0,km,43780,1176349,1,0.02984293100571984,0.00013755999999999212,0.05954830201143987,0.02984293100571984,5000,0
km#mean,ms,"0.50,0.50",zipf,0.5,-1,ms#0.75,0.75,1,0.5,freebase,5,1212159,adm,841,50,n,1,2.0,"zipf#5,50,5,2",5,5,5000,0,km,43780,1169220,2,0.02972756021808209,0.00023011999999998615,0.05922500043616418,0.02972756021808209,5000,0
km#mean,ms,"0.50,0.50",zipf,0.5,-1,ms#0.75,0.75,1,0.5,freebase,12,1236710,adm,336,50,n,1,2.0,"zipf#5,50,5,2",5,5,5000,0,km,43780,1193266,0,0.029891878465049353,0.00025099999999998534,0.05953275693009858,0.029891878465049353,5000,0
km#mean,ms,"0.50,0.50",zipf,0.5,-1,ms#0.75,0.75,1,0.5,freebase,19,1215758,adm,1904,50,n,1,2.0,"zipf#5,50,5,2",5,5,5000,0,km,43780,1173882,1,0.02978739375377488,0.0001428533333333257,0.05943193417421662,0.02978739375377488,5000,0
km#mean,ms,"0.50,0.50",zipf,0.5,-1,ms#1.00,1.0,1,0.5,freebase,5,1197689,adm,1685,50,n,1,2.0,"zipf#5,50,5,2",5,5,5000,0,km,43780,1155594,2,0.029720077319128586,0.00013725333333332565,0.059302901304923765,0.029720077319128586,5000,0
km#mean,ms,"0.50,0.50",zipf,0.5,-1,ms#1.00,1.0,1,0.5,freebase,12,1229770,adm,1384,50,n,1,2.0,"zipf#5,50,5,2",5,5,5000,0,km,43780,1187374,0,0.03001598342647551,0.00014541333333332497,0.05988655351961764,0.03001598342647551,5000,0
km#mean,ms,"0.50,0.50",zipf,0.5,-1,ms#1.00,1.0,1,0.5,freebase,19,1213646,adm,1468,50,n,1,2.0,"zipf#5,50,5,2",5,5,5000,0,km,43780,1171334,1,0.029641764306974346,0.00019275999999998947,0.059090768613948276,0.029641764306974346,5000,0
km#mean,sr,"0.50,0.50",te,0.5,-1,sr,,1,0.5,freebase,15,1854230,adm,16103,50,n,1,,"te#5,50,5",5,5,3445,0,km,43780,1826553,0,0.34946995110429296,0.31111083333332396,0.38782906887525354,0.05587077650702535,5000,1555
km#mean,sr,"0.50,0.50",te,0.5,-1,sr,,2,0.5,freebase,2,249498,adm,20293,5,n,2,,"te#2,5,1",1,2,2984,0,km,43780,226011,0,0.4065258763845728,0.40326117333333106,0.40979057943581154,0.005607474589435243,5000,2016
km#mean,sr,"0.50,0.50",zipf,0.5,-1,sr,,1,0.5,freebase,2,276219,adm,23333,5,n,1,2.0,"zipf#2,5,1,2",1,2,2646,0,km,43780,255772,1,0.47461389677992766,0.47084475333332937,0.4783830402265212,0.007244527709520856,5000,2354
km#mean,sr,"0.50,0.50",zipf,0.5,-1,sr,,1,0.5,freebase,2,307206,adm,23689,5,n,1,2.0,"zipf#2,5,1,2",1,2,2589,0,km,43780,287115,0,0.4864968503323241,0.4822517333333303,0.49074196733131514,0.008344802246453942,5000,2411
km#mean,sr,"0.50,0.50",zipf,0.5,-1,sr,,1,0.5,freebase,2,337855,adm,23681,5,n,1,2.0,"zipf#2,5,1,2",1,2,2596,0,km,43780,317756,2,0.48553077034085945,0.4808507866666626,0.4902107540150512,0.009156944500816994,5000,2404
km#mean,sr,"0.50,0.50",zipf,0.5,-1,sr,,1,0.5,freebase,5,667018,adm,32525,50,n,1,2.0,"zipf#5,50,5,2",5,5,1573,0,km,43780,655763,0,0.6980432877309429,0.6854318199999914,0.710654755461884,0.040298632822820465,5000,3427
km#mean,sr,"0.50,0.50",zipf,0.5,-1,sr,,1,0.5,freebase,5,685262,adm,31424,50,n,1,2.0,"zipf#5,50,5,2",5,5,1680,0,km,43780,672906,2,0.6771487185005802,0.6640281666666599,0.6902692703344933,0.03921592217198136,5000,3320
km#mean,sr,"0.50,0.50",zipf,0.5,-1,sr,,1,0.5,freebase,5,863841,adm,29983,50,n,1,2.0,"zipf#5,50,5,2",5,5,1834,0,km,43780,850044,1,0.6493865074735059,0.6332180066666617,0.6655550082803454,0.04417134612853616,5000,3166
km#min,ms,"0.50,0.50",zipf,0.5,-1,ms#0.00,0.0,1,0.5,freebase,5,345334,adm,31445,50,n,1,2.0,"zipf#5,50,5,2",5,5,1633,0,km,43780,332999,0,0.6801171547318279,0.6734463266666607,0.6867879827969894,0.020713147690654944,5000,3367
km#min,ms,"0.50,0.50",zipf,0.5,-1,ms#0.00,0.0,1,0.5,freebase,5,352974,adm,31848,50,n,1,2.0,"zipf#5,50,5,2",5,5,1622,0,km,43780,341042,1,0.6820396240634956,0.675636099999997,0.6884431481269937,0.019966754769483657,5000,3378
km#min,ms,"0.50,0.50",zipf,0.5,-1,ms#0.00,0.0,1,0.5,freebase,5,372242,adm,31016,50,n,1,2.0,"zipf#5,50,5,2",5,5,1734,0,km,43780,359478,2,0.6603544196907049,0.653236633333331,0.6674722060480756,0.020729294257688838,5000,3266
km#min,ms,"0.50,0.50",zipf,0.5,-1,ms#0.25,0.25,1,0.5,freebase,5,808786,adm,549,50,n,1,2.0,"zipf#5,50,5,2",5,5,5000,0,km,43780,765555,0,0.018766894256984135,0.00020431999999998953,0.037329468513968476,0.018766894256984135,5000,0
km#min,ms,"0.50,0.50",zipf,0.5,-1,ms#0.25,0.25,1,0.5,freebase,7,1190108,adm,573,50,n,1,2.0,"zipf#5,50,5,2",5,5,4985,0,km,43780,1146901,2,0.031126039884498254,0.003237366666666803,0.05901471310232987,0.02821103009615087,5000,15
km#min,ms,"0.50,0.50",zipf,0.5,-1,ms#0.25,0.25,1,0.5,freebase,22,1198344,adm,1330,50,n,1,2.0,"zipf#5,50,5,2",5,5,4985,0,km,43780,1155894,1,0.03153754701569414,0.0031934600000001027,0.0598816340313883,0.028623709206503183,5000,15
km#min,ms,"0.50,0.50",zipf,0.5,-1,ms#0.50,0.5,1,0.5,freebase,5,802949,adm,1061,50,n,1,2.0,"zipf#5,50,5,2",5,5,5000,0,km,43780,760230,0,0.018653219903836858,0.00018425333333332378,0.0371221864743404,0.018653219903836858,5000,0
km#min,ms,"0.50,0.50",zipf,0.5,-1,ms#0.50,0.5,1,0.5,freebase,6,1204474,adm,1590,50,n,1,2.0,"zipf#5,50,5,2",5,5,4999,0,km,43780,1162284,1,0.02943862079184942,0.0003587733333333223,0.05851846825036525,0.0292444855694727,5000,1
km#min,ms,"0.50,0.50",zipf,0.5,-1,ms#0.50,0.5,1,0.5,freebase,16,1217916,adm,747,50,n,1,2.0,"zipf#5,50,5,2",5,5,5000,0,km,43780,1174883,2,0.029254723042033873,0.00021255999999998738,0.05829688608406752,0.029254723042033873,5000,0
km#min,ms,"0.50,0.50",zipf,0.5,-1,ms#0.75,0.75,1,0.5,freebase,5,801409,adm,1122,50,n,1,2.0,"zipf#5,50,5,2",5,5,5000,0,km,43780,758751,0,0.018616527326833082,0.000177546666666658,0.03705550798699978,0.018616527326833082,5000,0
km#min,ms,"0.50,0.50",zipf,0.5,-1,ms#0.75,0.75,1,0.5,freebase,5,1214664,adm,248,50,n,1,2.0,"zipf#5,50,5,2",5,5,5000,0,km,43780,1171132,1,0.02937935643505955,0.0002508266666666525,0.0585078862034524,0.02937935643505955,5000,0
km#min,ms,"0.50,0.50",zipf,0.5,-1,ms#0.75,0.75,1,0.5,freebase,16,1219597,adm,723,50,n,1,2.0,"zipf#5,50,5,2",5,5,5000,0,km,43780,1176540,2,0.02923835248632667,0.00022970666666665234,0.05824699830598653,0.02923835248632667,5000,0
km#min,ms,"0.50,0.50",zipf,0.5,-1,ms#1.00,1.0,1,0.5,freebase,5,807093,adm,329,50,n,1,2.0,"zipf#5,50,5,2",5,5,5000,0,km,43780,763642,0,0.018645491768504822,0.000210586666666656,0.03708039687034328,0.018645491768504822,5000,0
km#min,ms,"0.50,0.50",zipf,0.5,-1,ms#1.00,1.0,1,0.5,freebase,5,1213015,adm,665,50,n,1,2.0,"zipf#5,50,5,2",5,5,5000,0,km,43780,1169900,1,0.029273959098446916,0.0002209599999999877,0.058326958196893576,0.029273959098446916,5000,0
km#min,ms,"0.50,0.50",zipf,0.5,-1,ms#1.00,1.0,1,0.5,freebase,16,1199135,adm,1185,50,n,1,2.0,"zipf#5,50,5,2",5,5,5000,0,km,43780,1156540,2,0.028892454315479228,0.00016729333333332378,0.05761761529762524,0.028892454315479228,5000,0
km#min,sr,"0.50,0.50",te,0.5,-1,sr,,1,0.5,freebase,2,269799,adm,20191,5,n,1,,"te#2,5,1",1,2,2998,0,km,43780,246210,0,0.40401705673997584,0.40044811333333075,0.4075860001466177,0.006059241603093546,5000,2002
km#min,sr,"0.50,0.50",te,0.5,-1,sr,,1,0.5,freebase,15,782223,adm,26678,50,n,2,,"te#5,50,5",5,5,2246,0,km,43780,765121,0,0.5658718090323738,0.5508336666666586,0.5809099513980851,0.03359850785161024,5000,2754
km#min,sr,"0.50,0.50",zipf,0.5,-1,sr,,1,0.5,freebase,2,218888,adm,23598,5,n,1,2.0,"zipf#2,5,1,2",1,2,2622,0,km,43780,198706,0,0.47851372452045443,0.47564337999999673,0.4813840690409114,0.0055938140284517105,5000,2378
km#min,sr,"0.50,0.50",zipf,0.5,-1,sr,,1,0.5,freebase,2,263139,adm,23631,5,n,1,2.0,"zipf#2,5,1,2",1,2,2625,0,km,43780,242990,2,0.47861214697817595,0.4750436866666636,0.48218060728968676,0.006917923798189279,5000,2375
km#min,sr,"0.50,0.50",zipf,0.5,-1,sr,,1,0.5,freebase,2,295716,adm,23351,5,n,1,2.0,"zipf#2,5,1,2",1,2,2627,0,km,43780,275287,1,0.4787311716934848,0.47464507333332884,0.4828172700536366,0.007901654605199749,5000,2373
km#min,sr,"0.50,0.50",zipf,0.5,-1,sr,,1,0.5,freebase,5,825867,adm,31798,50,n,1,2.0,"zipf#5,50,5,2",5,5,1633,0,km,43780,813885,0,0.689471790017966,0.6734181933333284,0.7055253867025958,0.04926682784532372,5000,3367
km#min,sr,"0.50,0.50",zipf,0.5,-1,sr,,1,0.5,freebase,5,838558,adm,31081,50,n,1,2.0,"zipf#5,50,5,2",5,5,1734,0,km,43780,825859,2,0.6693705614360065,0.6532345133333315,0.6855066095386807,0.046721639207452884,5000,3266
km#min,sr,"0.50,0.50",zipf,0.5,-1,sr,,1,0.5,freebase,5,911117,adm,31916,50,n,1,2.0,"zipf#5,50,5,2",5,5,1622,0,km,43780,899253,1,0.692156516564076,0.6756440200000016,0.708669013128152,0.05117865258774536,5000,3378
vac,ms,"0.50,0.50",zipf,0.5,-1,ms#0.00,0.0,1,0.5,freebase,5,373739,adm,602,50,n,1,2.0,"zipf#5,50,5,2",5,5,4960,0,vac,43780,330561,0,0.016778864505752476,0.008110386666666745,0.025447342344838357,0.008850110497257417,5000,40
vac,ms,"0.50,0.50",zipf,0.5,-1,ms#0.00,0.0,1,0.5,freebase,5,384769,adm,378,50,n,2,2.0,"zipf#5,50,5,2",5,5,4985,0,vac,43780,341367,1,0.011984261232644849,0.0031238400000001033,0.020844682465289737,0.009011481997594498,5000,15
vac,ms,"0.50,0.50",zipf,0.5,-1,ms#0.00,0.0,1,0.5,freebase,5,392492,adm,280,50,n,1,2.0,"zipf#5,50,5,2",5,5,4995,0,vac,43780,348992,2,0.010250490357113671,0.0011220800000000415,0.01937890071422737,0.009259811269484263,5000,5
vac,ms,"0.50,0.50",zipf,0.5,-1,ms#0.25,0.25,1,0.5,freebase,5,363862,adm,596,50,n,1,2.0,"zipf#5,50,5,2",5,5,5000,0,vac,43780,320678,0,0.008711576672071734,0.00010105333333333104,0.017322100010810162,0.008711576672071734,5000,0
vac,ms,"0.50,0.50",zipf,0.5,-1,ms#0.25,0.25,1,0.5,freebase,5,392529,adm,210,50,n,1,2.0,"zipf#5,50,5,2",5,5,5000,0,vac,43780,348959,1,0.009250081346334073,0.00012494666666666444,0.018375216026001496,0.009250081346334073,5000,0
vac,ms,"0.50,0.50",zipf,0.5,-1,ms#0.25,0.25,1,0.5,freebase,5,392900,adm,932,50,n,1,2.0,"zipf#5,50,5,2",5,5,5000,0,vac,43780,350052,2,0.009345177147926521,9.982666666666387e-05,0.018590527629186438,0.009345177147926521,5000,0
vac,ms,"0.50,0.50",zipf,0.5,-1,ms#0.50,0.5,1,0.5,freebase,5,363862,adm,596,50,n,1,2.0,"zipf#5,50,5,2",5,5,5000,0,vac,43780,320678,0,0.008711576672071734,0.00010105333333333104,0.017322100010810162,0.008711576672071734,5000,0
vac,ms,"0.50,0.50",zipf,0.5,-1,ms#0.50,0.5,1,0.5,freebase,5,392529,adm,210,50,n,1,2.0,"zipf#5,50,5,2",5,5,5000,0,vac,43780,348959,1,0.009250081346334073,0.00012494666666666444,0.018375216026001496,0.009250081346334073,5000,0
vac,ms,"0.50,0.50",zipf,0.5,-1,ms#0.50,0.5,1,0.5,freebase,5,392900,adm,932,50,n,1,2.0,"zipf#5,50,5,2",5,5,5000,0,vac,43780,350052,2,0.009345177147926521,9.982666666666387e-05,0.018590527629186438,0.009345177147926521,5000,0
vac,ms,"0.50,0.50",zipf,0.5,-1,ms#0.75,0.75,1,0.5,freebase,5,363862,adm,596,50,n,1,2.0,"zipf#5,50,5,2",5,5,5000,0,vac,43780,320678,0,0.008711576672071734,0.00010105333333333104,0.017322100010810162,0.008711576672071734,5000,0
vac,ms,"0.50,0.50",zipf,0.5,-1,ms#0.75,0.75,1,0.5,freebase,5,392529,adm,210,50,n,1,2.0,"zipf#5,50,5,2",5,5,5000,0,vac,43780,348959,1,0.009250081346334073,0.00012494666666666444,0.018375216026001496,0.009250081346334073,5000,0
vac,ms,"0.50,0.50",zipf,0.5,-1,ms#0.75,0.75,1,0.5,freebase,5,392900,adm,932,50,n,1,2.0,"zipf#5,50,5,2",5,5,5000,0,vac,43780,350052,2,0.009345177147926521,9.982666666666387e-05,0.018590527629186438,0.009345177147926521,5000,0
vac,ms,"0.50,0.50",zipf,0.5,-1,ms#1.00,1.0,1,0.5,freebase,5,363862,adm,596,50,n,1,2.0,"zipf#5,50,5,2",5,5,5000,0,vac,43780,320678,0,0.008711576672071734,0.00010105333333333104,0.017322100010810162,0.008711576672071734,5000,0
vac,ms,"0.50,0.50",zipf,0.5,-1,ms#1.00,1.0,1,0.5,freebase,5,392529,adm,210,50,n,1,2.0,"zipf#5,50,5,2",5,5,5000,0,vac,43780,348959,1,0.009250081346334073,0.00012494666666666444,0.018375216026001496,0.009250081346334073,5000,0
vac,ms,"0.50,0.50",zipf,0.5,-1,ms#1.00,1.0,1,0.5,freebase,5,392900,adm,932,50,n,1,2.0,"zipf#5,50,5,2",5,5,5000,0,vac,43780,350052,2,0.009345177147926521,9.982666666666387e-05,0.018590527629186438,0.009345177147926521,5000,0
vac,sr,"0.50,0.50",te,0.5,-1,sr,,1,0.5,freebase,2,74003,adm,156,5,n,1,,"te#2,5,1",1,2,4997,0,vac,43780,30379,0,0.0013116672624233663,0.0006193866666666666,0.0020039478581800724,0.000712100342120338,5000,3
vac,sr,"0.50,0.50",te,0.5,-1,sr,,1,0.5,freebase,5,412848,adm,772,50,n,1,,"te#5,50,5",5,5,4980,0,vac,43780,369840,0,0.013680554333168405,0.004125726666666656,0.02323538199967018,0.009719685538508514,5000,20
vac,sr,"0.50,0.50",zipf,0.5,-1,sr,,1,0.5,freebase,2,91755,adm,166,5,n,1,2.0,"zipf#2,5,1,2",1,2,4997,0,vac,43780,48141,0,0.0017632825508514492,0.0006290933333333333,0.002897471768369563,0.0011639896778981337,5000,3
vac,sr,"0.50,0.50",zipf,0.5,-1,sr,,1,0.5,freebase,2,91760,adm,74,5,n,1,2.0,"zipf#2,5,1,2",1,2,4999,0,vac,43780,48054,1,0.0013551915172982686,0.00022965333333333066,0.002480729701263202,0.0011554255683384532,5000,1
vac,sr,"0.50,0.50",zipf,0.5,-1,sr,,1,0.5,freebase,2,92393,adm,172,5,n,1,2.0,"zipf#2,5,1,2",1,2,4996,0,vac,43780,48785,2,0.001982981512634618,0.0008281866666666772,0.0031377763586025666,0.0011839399482868743,5000,4
vac,sr,"0.50,0.50",zipf,0.5,-1,sr,,1,0.5,freebase,5,373739,adm,602,50,n,1,2.0,"zipf#5,50,5,2",5,5,4960,0,vac,43780,330561,0,0.016778864505752476,0.008110386666666745,0.025447342344838357,0.008850110497257417,5000,40
vac,sr,"0.50,0.50",zipf,0.5,-1,sr,,1,0.5,freebase,5,384769,adm,378,50,n,2,2.0,"zipf#5,50,5,2",5,5,4985,0,vac,43780,341367,1,0.011984261232644849,0.0031238400000001033,0.020844682465289737,0.009011481997594498,5000,15
vac,sr,"0.50,0.50",zipf,0.5,-1,sr,,1,0.5,freebase,5,392492,adm,280,50,n,1,2.0,"zipf#5,50,5,2",5,5,4995,0,vac,43780,348992,2,0.010250490357113671,0.0011220800000000415,0.01937890071422737,0.009259811269484263,5000,5
