info_loss_args_str,anony_mode,min_k,za,gen,enforcer_str,sample,handler_str,alpha_dm,enforcer,calgo,max_k,data,gen_str,alpha_adm,max_dist,calgo_str,info_loss,range_k,gen_n,adm,dm,am,removed_entities,num_raw_entities,is_invalid_anonymity_clusters,num_big_clusters,radm
"0.50,0.50",anony,2,2.0,zipf,kp#0,-1,n,0.5,kp,hdbscan,5,email,"zipf#2,5,1,2",0.5,0.0,hdbscan#max,adm,1,1.0,0.01287794620830932,0.012713408906106132,0.012713408906106132,0.0,1005.0,0.0,27.666666666666668,0.01287794620830932
"0.50,0.50",anony,2,2.0,zipf,kp#0,-1,n,0.5,kp,hdbscan,5,email,"zipf#2,5,1,2",0.5,0.0,hdbscan#mean,adm,1,1.0,0.2691653082608752,0.012853951646107281,0.012853951646107281,261.0,1005.0,0.0,25.666666666666668,0.009463815723561766
"0.50,0.50",anony,2,2.0,zipf,kp#0,-1,n,0.5,kp,hdbscan,5,email,"zipf#2,5,1,2",0.5,0.0,hdbscan#min,adm,1,1.0,0.2695462512125466,0.013400721763772919,0.013400721763772919,261.0,1005.0,0.0,26.333333333333332,0.00984475867523317
"0.50,0.50",anony,2,2.0,zipf,kp#0,-1,n,0.5,kp,km,5,email,"zipf#2,5,1,2",0.5,0.0,km#max,adm,1,1.0,0.24193897840812525,0.002676546274085919,0.002676546274085919,241.0,1005.0,0.0,26.666666666666668,0.002137983383249591
"0.50,0.50",anony,2,2.0,zipf,kp#0,-1,n,0.5,kp,km,5,email,"zipf#2,5,1,2",0.5,0.0,km#mean,adm,1,1.0,0.7302372053497025,0.000802855055058049,0.000802855055058049,733.6666666666666,1005.0,0.0,9.666666666666666,0.00022062160177553365
"0.50,0.50",anony,2,2.0,zipf,kp#0,-1,n,0.5,kp,km,5,email,"zipf#2,5,1,2",0.5,0.0,km#min,adm,1,1.0,0.7272587312195243,0.0008177175089319303,0.0008177175089319303,730.6666666666666,1005.0,0.0,13.0,0.00022722209846290936
"0.50,0.50",anony,2,2.0,zipf,kp#0,-1,n,0.5,kp,vac,5,email,"zipf#2,5,1,2",0.5,0.0,vac,adm,1,1.0,0.7530430411317023,0.012485957339890314,0.012485957339890314,753.6666666666666,1005.0,0.0,0.0,0.0031259598713374603
"0.50,0.50",anony,2,2.0,zipf,kp#0.25,-1,n,0.5,kp,hdbscan,5,email,"zipf#2,5,1,2",0.5,0.25,hdbscan#max,adm,1,1.0,0.01260005351116957,0.01264010815450048,0.01264010815450048,0.0,1005.0,0.0,30.666666666666668,0.01260005351116957
"0.50,0.50",anony,2,2.0,zipf,kp#0.25,-1,n,0.5,kp,hdbscan,5,email,"zipf#2,5,1,2",0.5,0.25,hdbscan#mean,adm,1,1.0,0.017101592251959823,0.01594521451895194,0.01594521451895194,1.0,1005.0,0.0,35.333333333333336,0.01610656737633793
"0.50,0.50",anony,2,2.0,zipf,kp#0.25,-1,n,0.5,kp,hdbscan,5,email,"zipf#2,5,1,2",0.5,0.25,hdbscan#min,adm,1,1.0,0.016879980575681172,0.01566842386902696,0.01566842386902696,1.0,1005.0,0.0,37.333333333333336,0.015884955700059288
"0.50,0.50",anony,2,2.0,zipf,kp#0.25,-1,n,0.5,kp,km,5,email,"zipf#2,5,1,2",0.5,0.25,km#max,adm,1,1.0,0.04666334284512052,0.011039440154742808,0.011039440154742808,35.666666666666664,1005.0,0.0,35.666666666666664,0.011174122281273091
"0.50,0.50",anony,2,2.0,zipf,kp#0.25,-1,n,0.5,kp,km,5,email,"zipf#2,5,1,2",0.5,0.25,km#mean,adm,1,1.0,0.08150208446042707,0.016728991119577204,0.016728991119577204,65.33333333333333,1005.0,0.0,24.0,0.016493792586463555
"0.50,0.50",anony,2,2.0,zipf,kp#0.25,-1,n,0.5,kp,km,5,email,"zipf#2,5,1,2",0.5,0.25,km#min,adm,1,1.0,0.07786181624452954,0.016881083998218045,0.016881083998218045,61.666666666666664,1005.0,0.0,27.0,0.016501948914512964
"0.50,0.50",anony,2,2.0,zipf,kp#0.25,-1,n,0.5,kp,vac,5,email,"zipf#2,5,1,2",0.5,0.25,vac,adm,1,1.0,0.04029620907544721,0.017565496736468105,0.017565496736468105,22.333333333333332,1005.0,0.0,31.666666666666668,0.018073986853224994
"0.50,0.50",anony,2,2.0,zipf,kp#0.50,-1,n,0.5,kp,hdbscan,5,email,"zipf#2,5,1,2",0.5,0.5,hdbscan#max,adm,1,1.0,0.012063150252056468,0.012108355216475337,0.012108355216475337,0.0,1005.0,0.0,30.0,0.012063150252056468
"0.50,0.50",anony,2,2.0,zipf,kp#0.50,-1,n,0.5,kp,hdbscan,5,email,"zipf#2,5,1,2",0.5,0.5,hdbscan#mean,adm,1,1.0,0.01573241350697354,0.015474049786137608,0.015474049786137608,0.0,1005.0,0.0,34.666666666666664,0.01573241350697354
"0.50,0.50",anony,2,2.0,zipf,kp#0.50,-1,n,0.5,kp,hdbscan,5,email,"zipf#2,5,1,2",0.5,0.5,hdbscan#min,adm,1,1.0,0.015849313017947456,0.015626122570976796,0.015626122570976796,0.0,1005.0,0.0,33.333333333333336,0.015849313017947456
"0.50,0.50",anony,2,2.0,zipf,kp#0.50,-1,n,0.5,kp,km,5,email,"zipf#2,5,1,2",0.5,0.5,km#max,adm,1,1.0,0.019332041521838806,0.013480433889659181,0.013480433889659181,5.0,1005.0,0.0,34.333333333333336,0.014356917143729352
"0.50,0.50",anony,2,2.0,zipf,kp#0.50,-1,n,0.5,kp,km,5,email,"zipf#2,5,1,2",0.5,0.5,km#mean,adm,1,1.0,0.0291362425022483,0.020803076917913645,0.020803076917913645,7.0,1005.0,0.0,27.0,0.022171068372895064
"0.50,0.50",anony,2,2.0,zipf,kp#0.50,-1,n,0.5,kp,km,5,email,"zipf#2,5,1,2",0.5,0.5,km#min,adm,1,1.0,0.029052439767521063,0.020779296044243483,0.020779296044243483,7.0,1005.0,0.0,26.0,0.022087265638167836
"0.50,0.50",anony,2,2.0,zipf,kp#0.50,-1,n,0.5,kp,vac,5,email,"zipf#2,5,1,2",0.5,0.5,vac,adm,1,1.0,0.020846902657996446,0.018343517606127856,0.018343517606127856,1.6666666666666667,1005.0,0.0,34.333333333333336,0.019188527865293296
"0.50,0.50",anony,2,2.0,zipf,kp#0.75,-1,n,0.5,kp,hdbscan,5,email,"zipf#2,5,1,2",0.5,0.75,hdbscan#max,adm,1,1.0,0.012602269392200332,0.012456873179598843,0.012456873179598843,0.0,1005.0,0.0,27.666666666666668,0.012602269392200332
"0.50,0.50",anony,2,2.0,zipf,kp#0.75,-1,n,0.5,kp,hdbscan,5,email,"zipf#2,5,1,2",0.5,0.75,hdbscan#mean,adm,1,1.0,0.01571834030510796,0.015460136448617018,0.015460136448617018,0.0,1005.0,0.0,34.666666666666664,0.01571834030510796
"0.50,0.50",anony,2,2.0,zipf,kp#0.75,-1,n,0.5,kp,hdbscan,5,email,"zipf#2,5,1,2",0.5,0.75,hdbscan#min,adm,1,1.0,0.01581328137799512,0.015587491437239795,0.015587491437239795,0.0,1005.0,0.0,33.333333333333336,0.01581328137799512
"0.50,0.50",anony,2,2.0,zipf,kp#0.75,-1,n,0.5,kp,km,5,email,"zipf#2,5,1,2",0.5,0.75,km#max,adm,1,1.0,0.015003223635435714,0.013174610767576983,0.013174610767576983,1.0,1005.0,0.0,37.666666666666664,0.014008198759813822
"0.50,0.50",anony,2,2.0,zipf,kp#0.75,-1,n,0.5,kp,km,5,email,"zipf#2,5,1,2",0.5,0.75,km#mean,adm,1,1.0,0.02238418190968869,0.020364159822518605,0.020364159822518605,1.0,1005.0,0.0,27.0,0.021389157034066797
"0.50,0.50",anony,2,2.0,zipf,kp#0.75,-1,n,0.5,kp,km,5,email,"zipf#2,5,1,2",0.5,0.75,km#min,adm,1,1.0,0.023244544866286892,0.020981246091649957,0.020981246091649957,1.0,1005.0,0.0,25.666666666666668,0.022249519990665007
"0.50,0.50",anony,2,2.0,zipf,kp#0.75,-1,n,0.5,kp,vac,5,email,"zipf#2,5,1,2",0.5,0.75,vac,adm,1,1.0,0.019524127762042664,0.018356409333391926,0.018356409333391926,0.3333333333333333,1005.0,0.0,34.666666666666664,0.019192452803502034
"0.50,0.50",anony,2,2.0,zipf,kp#1.00,-1,n,0.5,kp,hdbscan,5,email,"zipf#2,5,1,2",0.5,1.0,hdbscan#max,adm,1,1.0,0.01242984320284387,0.012447874225592776,0.012447874225592776,0.0,1005.0,0.0,28.333333333333332,0.01242984320284387
"0.50,0.50",anony,2,2.0,zipf,kp#1.00,-1,n,0.5,kp,hdbscan,5,email,"zipf#2,5,1,2",0.5,1.0,hdbscan#mean,adm,1,1.0,0.015788788820644467,0.015498738312865362,0.015498738312865362,0.0,1005.0,0.0,33.666666666666664,0.015788788820644467
"0.50,0.50",anony,2,2.0,zipf,kp#1.00,-1,n,0.5,kp,hdbscan,5,email,"zipf#2,5,1,2",0.5,1.0,hdbscan#min,adm,1,1.0,0.015548212502990849,0.015308376445568395,0.015308376445568395,0.0,1005.0,0.0,35.0,0.015548212502990849
"0.50,0.50",anony,2,2.0,zipf,kp#1.00,-1,n,0.5,kp,km,5,email,"zipf#2,5,1,2",0.5,1.0,km#max,adm,1,1.0,0.014510920875367298,0.013588590543545574,0.013588590543545574,0.0,1005.0,0.0,35.0,0.014510920875367298
"0.50,0.50",anony,2,2.0,zipf,kp#1.00,-1,n,0.5,kp,km,5,email,"zipf#2,5,1,2",0.5,1.0,km#mean,adm,1,1.0,0.022066992684056614,0.021007089896832375,0.021007089896832375,0.0,1005.0,0.0,26.666666666666668,0.022066992684056614
"0.50,0.50",anony,2,2.0,zipf,kp#1.00,-1,n,0.5,kp,km,5,email,"zipf#2,5,1,2",0.5,1.0,km#min,adm,1,1.0,0.02247681280873529,0.021295640389952936,0.021295640389952936,0.0,1005.0,0.0,25.333333333333332,0.02247681280873529
"0.50,0.50",anony,2,2.0,zipf,kp#1.00,-1,n,0.5,kp,vac,5,email,"zipf#2,5,1,2",0.5,1.0,vac,adm,1,1.0,0.019785295272040638,0.018775070800571492,0.018775070800571492,0.0,1005.0,0.0,31.666666666666668,0.019785295272040638
"0.50,0.50",anony,2,2.0,zipf,ms#0,-1,n,0.5,ms,hdbscan,5,email,"zipf#2,5,1,2",0.5,0.0,hdbscan#max,adm,1,1.0,0.011320606161327918,0.010704090874390454,0.010704090874390454,0.0,1005.0,0.0,0.0,0.011320606161327918
"0.50,0.50",anony,2,2.0,zipf,ms#0,-1,n,0.5,ms,hdbscan,5,email,"zipf#2,5,1,2",0.5,0.0,hdbscan#mean,adm,1,1.0,0.1333985603845261,0.008748860779844833,0.008748860779844833,125.33333333333333,1005.0,0.0,0.0,0.008688775973249125
"0.50,0.50",anony,2,2.0,zipf,ms#0,-1,n,0.5,ms,hdbscan,5,email,"zipf#2,5,1,2",0.5,0.0,hdbscan#min,adm,1,1.0,0.13331600702952898,0.008677838478325936,0.008677838478325936,125.33333333333333,1005.0,0.0,0.0,0.008606222618252021
"0.50,0.50",anony,2,2.0,zipf,ms#0,-1,n,0.5,ms,km,5,email,"zipf#2,5,1,2",0.5,0.0,km#max,adm,1,1.0,0.14933574251462423,0.002179226150077082,0.002179226150077082,148.0,1005.0,0.0,0.0,0.002072060922584425
"0.50,0.50",anony,2,2.0,zipf,ms#0,-1,n,0.5,ms,km,5,email,"zipf#2,5,1,2",0.5,0.0,km#mean,adm,1,1.0,0.5058153676064124,0.0006235790754834604,0.0006235790754834604,508.0,1005.0,0.0,0.0,0.00034273079049198423
"0.50,0.50",anony,2,2.0,zipf,ms#0,-1,n,0.5,ms,km,5,email,"zipf#2,5,1,2",0.5,0.0,km#min,adm,1,1.0,0.5028322731285529,0.0006181460758993567,0.0006181460758993567,505.0,1005.0,0.0,0.0,0.00034471093949819693
"0.50,0.50",anony,2,2.0,zipf,ms#0,-1,n,0.5,ms,vac,5,email,"zipf#2,5,1,2",0.5,0.0,vac,adm,1,1.0,0.00893759112516074,0.004487869843956626,0.004487869843956626,3.0,1005.0,0.0,0.0,0.005952516498295067
"0.50,0.50",anony,2,2.0,zipf,ms#0.25,-1,n,0.5,ms,hdbscan,5,email,"zipf#2,5,1,2",0.5,0.25,hdbscan#max,adm,1,1.0,0.011465510636818272,0.010532441752538868,0.010532441752538868,0.0,1005.0,0.0,0.0,0.011465510636818272
"0.50,0.50",anony,2,2.0,zipf,ms#0.25,-1,n,0.5,ms,hdbscan,5,email,"zipf#2,5,1,2",0.5,0.25,hdbscan#mean,adm,1,1.0,0.011002332568382902,0.009723343785282947,0.009723343785282947,0.3333333333333333,1005.0,0.0,0.0,0.010670657609842272
"0.50,0.50",anony,2,2.0,zipf,ms#0.25,-1,n,0.5,ms,hdbscan,5,email,"zipf#2,5,1,2",0.5,0.25,hdbscan#min,adm,1,1.0,0.011207313350329602,0.010062522202183533,0.010062522202183533,0.3333333333333333,1005.0,0.0,0.0,0.010875638391788971
"0.50,0.50",anony,2,2.0,zipf,ms#0.25,-1,n,0.5,ms,km,5,email,"zipf#2,5,1,2",0.5,0.25,km#max,adm,1,1.0,0.015518875652535713,0.006449174514129071,0.006449174514129071,8.333333333333334,1005.0,0.0,0.0,0.007227001689019956
"0.50,0.50",anony,2,2.0,zipf,ms#0.25,-1,n,0.5,ms,km,5,email,"zipf#2,5,1,2",0.5,0.25,km#mean,adm,1,1.0,0.028664283415898467,0.009516493671592208,0.009516493671592208,18.333333333333332,1005.0,0.0,0.0,0.010422160696163812
"0.50,0.50",anony,2,2.0,zipf,ms#0.25,-1,n,0.5,ms,km,5,email,"zipf#2,5,1,2",0.5,0.25,km#min,adm,1,1.0,0.032612724107489076,0.00935804562906086,0.00935804562906086,22.333333333333332,1005.0,0.0,0.0,0.010390501885266858
"0.50,0.50",anony,2,2.0,zipf,ms#0.25,-1,n,0.5,ms,vac,5,email,"zipf#2,5,1,2",0.5,0.25,vac,adm,1,1.0,0.006776706375726203,0.004567479448355589,0.004567479448355589,0.6666666666666666,1005.0,0.0,0.0,0.006113356458644943
"0.50,0.50",anony,2,2.0,zipf,ms#0.50,-1,n,0.5,ms,hdbscan,5,email,"zipf#2,5,1,2",0.5,0.5,hdbscan#max,adm,1,1.0,0.011359938049623944,0.0105682773144162,0.0105682773144162,0.0,1005.0,0.0,0.0,0.011359938049623944
"0.50,0.50",anony,2,2.0,zipf,ms#0.50,-1,n,0.5,ms,hdbscan,5,email,"zipf#2,5,1,2",0.5,0.5,hdbscan#mean,adm,1,1.0,0.010497111693369207,0.00973020098063943,0.00973020098063943,0.0,1005.0,0.0,0.0,0.010497111693369207
"0.50,0.50",anony,2,2.0,zipf,ms#0.50,-1,n,0.5,ms,hdbscan,5,email,"zipf#2,5,1,2",0.5,0.5,hdbscan#min,adm,1,1.0,0.010663090611854253,0.009732023590888624,0.009732023590888624,0.0,1005.0,0.0,0.0,0.010663090611854253
"0.50,0.50",anony,2,2.0,zipf,ms#0.50,-1,n,0.5,ms,km,5,email,"zipf#2,5,1,2",0.5,0.5,km#max,adm,1,1.0,0.008012507941222578,0.0068573873217376916,0.0068573873217376916,0.3333333333333333,1005.0,0.0,0.0,0.007680832982681948
"0.50,0.50",anony,2,2.0,zipf,ms#0.50,-1,n,0.5,ms,km,5,email,"zipf#2,5,1,2",0.5,0.5,km#mean,adm,1,1.0,0.012547308470676697,0.010272064599127188,0.010272064599127188,1.0,1005.0,0.0,0.0,0.011552283595054806
"0.50,0.50",anony,2,2.0,zipf,ms#0.50,-1,n,0.5,ms,km,5,email,"zipf#2,5,1,2",0.5,0.5,km#min,adm,1,1.0,0.012734043593923288,0.010526970162019443,0.010526970162019443,1.0,1005.0,0.0,0.0,0.0117390187183014
"0.50,0.50",anony,2,2.0,zipf,ms#0.50,-1,n,0.5,ms,vac,5,email,"zipf#2,5,1,2",0.5,0.5,vac,adm,1,1.0,0.006495984894291869,0.0045824242331661295,0.0045824242331661295,0.3333333333333333,1005.0,0.0,0.0,0.0061643099357512375
"0.50,0.50",anony,2,2.0,zipf,ms#0.75,-1,n,0.5,ms,hdbscan,5,email,"zipf#2,5,1,2",0.5,0.75,hdbscan#max,adm,1,1.0,0.01143239028736912,0.010430456919622676,0.010430456919622676,0.0,1005.0,0.0,0.0,0.01143239028736912
"0.50,0.50",anony,2,2.0,zipf,ms#0.75,-1,n,0.5,ms,hdbscan,5,email,"zipf#2,5,1,2",0.5,0.75,hdbscan#mean,adm,1,1.0,0.010756122255342566,0.010047601953140391,0.010047601953140391,0.0,1005.0,0.0,0.0,0.010756122255342566
"0.50,0.50",anony,2,2.0,zipf,ms#0.75,-1,n,0.5,ms,hdbscan,5,email,"zipf#2,5,1,2",0.5,0.75,hdbscan#min,adm,1,1.0,0.01057368924154399,0.00967623446911055,0.00967623446911055,0.0,1005.0,0.0,0.0,0.01057368924154399
"0.50,0.50",anony,2,2.0,zipf,ms#0.75,-1,n,0.5,ms,km,5,email,"zipf#2,5,1,2",0.5,0.75,km#max,adm,1,1.0,0.007808811898809671,0.006907490788325886,0.006907490788325886,0.0,1005.0,0.0,0.0,0.007808811898809671
"0.50,0.50",anony,2,2.0,zipf,ms#0.75,-1,n,0.5,ms,km,5,email,"zipf#2,5,1,2",0.5,0.75,km#mean,adm,1,1.0,0.011588385954614512,0.010516386677532094,0.010516386677532094,0.0,1005.0,0.0,0.0,0.011588385954614512
"0.50,0.50",anony,2,2.0,zipf,ms#0.75,-1,n,0.5,ms,km,5,email,"zipf#2,5,1,2",0.5,0.75,km#min,adm,1,1.0,0.012272067758813128,0.010540791721350808,0.010540791721350808,0.3333333333333333,1005.0,0.0,0.0,0.0119403928002725
"0.50,0.50",anony,2,2.0,zipf,ms#0.75,-1,n,0.5,ms,vac,5,email,"zipf#2,5,1,2",0.5,0.75,vac,adm,1,1.0,0.006228075448391779,0.004608666392944519,0.004608666392944519,0.0,1005.0,0.0,0.0,0.006228075448391779
"0.50,0.50",anony,2,2.0,zipf,ms#1.00,-1,n,0.5,ms,hdbscan,5,email,"zipf#2,5,1,2",0.5,1.0,hdbscan#max,adm,1,1.0,0.011579392777877956,0.01063654322644096,0.01063654322644096,0.0,1005.0,0.0,0.0,0.011579392777877956
"0.50,0.50",anony,2,2.0,zipf,ms#1.00,-1,n,0.5,ms,hdbscan,5,email,"zipf#2,5,1,2",0.5,1.0,hdbscan#mean,adm,1,1.0,0.010452723353146606,0.009691528763620528,0.009691528763620528,0.0,1005.0,0.0,0.0,0.010452723353146606
"0.50,0.50",anony,2,2.0,zipf,ms#1.00,-1,n,0.5,ms,hdbscan,5,email,"zipf#2,5,1,2",0.5,1.0,hdbscan#min,adm,1,1.0,0.010425390224900124,0.009675413408767902,0.009675413408767902,0.0,1005.0,0.0,0.0,0.010425390224900124
"0.50,0.50",anony,2,2.0,zipf,ms#1.00,-1,n,0.5,ms,km,5,email,"zipf#2,5,1,2",0.5,1.0,km#max,adm,1,1.0,0.007883774682616295,0.006992009361696197,0.006992009361696197,0.0,1005.0,0.0,0.0,0.007883774682616295
"0.50,0.50",anony,2,2.0,zipf,ms#1.00,-1,n,0.5,ms,km,5,email,"zipf#2,5,1,2",0.5,1.0,km#mean,adm,1,1.0,0.011558436200895542,0.010572280035643776,0.010572280035643776,0.0,1005.0,0.0,0.0,0.011558436200895542
"0.50,0.50",anony,2,2.0,zipf,ms#1.00,-1,n,0.5,ms,km,5,email,"zipf#2,5,1,2",0.5,1.0,km#min,adm,1,1.0,0.01187129974387715,0.010574998022075809,0.010574998022075809,0.0,1005.0,0.0,0.0,0.01187129974387715
"0.50,0.50",anony,2,2.0,zipf,ms#1.00,-1,n,0.5,ms,vac,5,email,"zipf#2,5,1,2",0.5,1.0,vac,adm,1,1.0,0.006228075448391779,0.004608666392944519,0.004608666392944519,0.0,1005.0,0.0,0.0,0.006228075448391779
"0.50,0.50",anony,2,2.0,zipf,sr,-1,n,0.5,sr,hdbscan,5,email,"zipf#2,5,1,2",0.5,,hdbscan#max,adm,1,1.0,0.117458584829937,0.022558205064585186,0.022558205064585186,0.0,1005.0,0.0,37.333333333333336,0.117458584829937
"0.50,0.50",anony,2,2.0,zipf,sr,-1,n,0.5,sr,hdbscan,5,email,"zipf#2,5,1,2",0.5,,hdbscan#mean,adm,1,1.0,0.2144986274502874,0.008124885189136125,0.008124885189136125,125.33333333333333,1005.0,0.0,33.0,0.08978884303901045
"0.50,0.50",anony,2,2.0,zipf,sr,-1,n,0.5,sr,hdbscan,5,email,"zipf#2,5,1,2",0.5,,hdbscan#min,adm,1,1.0,0.2144986274502874,0.008124885189136125,0.008124885189136125,125.33333333333333,1005.0,0.0,33.0,0.08978884303901045
"0.50,0.50",anony,2,2.0,zipf,sr,-1,n,0.5,sr,km,5,email,"zipf#2,5,1,2",0.5,,km#max,adm,1,1.0,0.15029875498131232,0.003388449593295906,0.003388449593295906,148.0,1005.0,0.0,43.0,0.0030350733892725427
"0.50,0.50",anony,2,2.0,zipf,sr,-1,n,0.5,sr,km,5,email,"zipf#2,5,1,2",0.5,,km#mean,adm,1,1.0,0.5058787323746112,0.0007180271117953681,0.0007180271117953681,508.0,1005.0,0.0,14.0,0.0004060955586907913
"0.50,0.50",anony,2,2.0,zipf,sr,-1,n,0.5,sr,km,5,email,"zipf#2,5,1,2",0.5,,km#min,adm,1,1.0,0.502912386657096,0.0007264085114730402,0.0007264085114730402,505.0,1005.0,0.0,18.666666666666668,0.00042482446804121985
"0.50,0.50",anony,2,2.0,zipf,sr,-1,n,0.5,sr,vac,5,email,"zipf#2,5,1,2",0.5,,vac,adm,1,1.0,0.00893759112516074,0.004487869843956627,0.004487869843956627,3.0,1005.0,0.0,0.0,0.005952516498295067
"0.50,0.50",anony,2,,te,kp#0,-1,n,0.5,kp,hdbscan,5,email,"te#2,5,1",0.5,0.0,hdbscan#max,adm,1,0.0,0.013623283723528766,0.013302312026992195,0.013302312026992195,0.0,1005.0,0.0,168.0,0.013623283723528766
"0.50,0.50",anony,2,,te,kp#0,-1,n,0.5,kp,hdbscan,5,email,"te#2,5,1",0.5,0.0,hdbscan#mean,adm,1,0.0,0.2692725781186463,0.013000271874602506,0.013000271874602506,261.0,1005.0,0.0,121.0,0.009571085581332857
"0.50,0.50",anony,2,,te,kp#0,-1,n,0.5,kp,hdbscan,5,email,"te#2,5,1",0.5,0.0,hdbscan#min,adm,1,0.0,0.2692097437475027,0.012933532235828013,0.012933532235828013,261.0,1005.0,0.0,119.0,0.00950825121018928
"0.50,0.50",anony,2,,te,kp#0,-1,n,0.5,kp,km,5,email,"te#2,5,1",0.5,0.0,km#max,adm,1,0.0,0.2557218880720774,0.002554549781954425,0.002554549781954425,255.0,1005.0,0.0,126.0,0.001990544788495334
"0.50,0.50",anony,2,,te,kp#0,-1,n,0.5,kp,km,5,email,"te#2,5,1",0.5,0.0,km#mean,adm,1,0.0,0.7226279052498701,0.0008415930183451272,0.0008415930183451272,726.0,1005.0,0.0,46.0,0.00023984554837751547
"0.50,0.50",anony,2,,te,kp#0,-1,n,0.5,kp,km,5,email,"te#2,5,1",0.5,0.0,km#min,adm,1,0.0,0.7355416945125122,0.0007988242409884201,0.0007988242409884201,739.0,1005.0,0.0,44.0,0.0002183114279349521
"0.50,0.50",anony,2,,te,kp#0,-1,n,0.5,kp,vac,5,email,"te#2,5,1",0.5,0.0,vac,adm,1,0.0,1.0,1.0,1.0,1005.0,1005.0,0.0,0.0,1.0
"0.50,0.50",anony,2,,te,kp#0.25,-1,n,0.5,kp,hdbscan,5,email,"te#2,5,1",0.5,0.25,hdbscan#max,adm,1,0.0,0.013677561022181204,0.013441122271079627,0.013441122271079627,0.0,1005.0,0.0,168.0,0.013677561022181204
"0.50,0.50",anony,2,,te,kp#0.25,-1,n,0.5,kp,hdbscan,5,email,"te#2,5,1",0.5,0.25,hdbscan#mean,adm,1,0.0,0.016860473750649734,0.015633196030735947,0.015633196030735947,1.0,1005.0,0.0,163.0,0.015865448875027846
"0.50,0.50",anony,2,,te,kp#0.25,-1,n,0.5,kp,hdbscan,5,email,"te#2,5,1",0.5,0.25,hdbscan#min,adm,1,0.0,0.016756197689590434,0.015437503673033875,0.015437503673033875,1.0,1005.0,0.0,162.0,0.015761172813968542
"0.50,0.50",anony,2,,te,kp#0.25,-1,n,0.5,kp,km,5,email,"te#2,5,1",0.5,0.25,km#max,adm,1,0.0,0.0443960015133996,0.011283348865730635,0.011283348865730635,33.0,1005.0,0.0,161.0,0.01156018061787721
"0.50,0.50",anony,2,,te,kp#0.25,-1,n,0.5,kp,km,5,email,"te#2,5,1",0.5,0.25,km#mean,adm,1,0.0,0.07376677380687183,0.016609722289526396,0.016609722289526396,58.0,1005.0,0.0,176.0,0.016055331020802168
"0.50,0.50",anony,2,,te,kp#0.25,-1,n,0.5,kp,km,5,email,"te#2,5,1",0.5,0.25,km#min,adm,1,0.0,0.07771671139681831,0.017076694047550973,0.017076694047550973,61.0,1005.0,0.0,173.0,0.017020193983882992
"0.50,0.50",anony,2,,te,kp#0.25,-1,n,0.5,kp,vac,5,email,"te#2,5,1",0.5,0.25,vac,adm,1,0.0,1.0,1.0,1.0,1005.0,1005.0,0.0,0.0,1.0
"0.50,0.50",anony,2,,te,kp#0.50,-1,n,0.5,kp,hdbscan,5,email,"te#2,5,1",0.5,0.5,hdbscan#max,adm,1,0.0,0.01181929725926162,0.011867362776211395,0.011867362776211395,0.0,1005.0,0.0,171.0,0.01181929725926162
"0.50,0.50",anony,2,,te,kp#0.50,-1,n,0.5,kp,hdbscan,5,email,"te#2,5,1",0.5,0.5,hdbscan#mean,adm,1,0.0,0.01598093399385447,0.015820734253244668,0.015820734253244668,0.0,1005.0,0.0,161.0,0.01598093399385447
"0.50,0.50",anony,2,,te,kp#0.50,-1,n,0.5,kp,hdbscan,5,email,"te#2,5,1",0.5,0.5,hdbscan#min,adm,1,0.0,0.01583457976641314,0.015570652298676428,0.015570652298676428,0.0,1005.0,0.0,163.0,0.01583457976641314
"0.50,0.50",anony,2,,te,kp#0.50,-1,n,0.5,kp,km,5,email,"te#2,5,1",0.5,0.5,km#max,adm,1,0.0,0.01851159978359801,0.013657801677885077,0.013657801677885077,4.0,1005.0,0.0,165.0,0.014531500281110447
"0.50,0.50",anony,2,,te,kp#0.50,-1,n,0.5,kp,km,5,email,"te#2,5,1",0.5,0.5,km#mean,adm,1,0.0,0.02735826906689012,0.019419280074460067,0.019419280074460067,7.0,1005.0,0.0,181.0,0.020393094937536885
"0.50,0.50",anony,2,,te,kp#0.50,-1,n,0.5,kp,km,5,email,"te#2,5,1",0.5,0.5,km#min,adm,1,0.0,0.026768502901271883,0.019340695706367345,0.019340695706367345,7.0,1005.0,0.0,176.0,0.01980332877191865
"0.50,0.50",anony,2,,te,kp#0.50,-1,n,0.5,kp,vac,5,email,"te#2,5,1",0.5,0.5,vac,adm,1,0.0,1.0,1.0,1.0,1005.0,1005.0,0.0,0.0,1.0
"0.50,0.50",anony,2,,te,kp#0.75,-1,n,0.5,kp,hdbscan,5,email,"te#2,5,1",0.5,0.75,hdbscan#max,adm,1,0.0,0.011934428780051413,0.011932769216884357,0.011932769216884357,0.0,1005.0,0.0,172.0,0.011934428780051413
"0.50,0.50",anony,2,,te,kp#0.75,-1,n,0.5,kp,hdbscan,5,email,"te#2,5,1",0.5,0.75,hdbscan#mean,adm,1,0.0,0.016772286400265908,0.016551391942098283,0.016551391942098283,0.0,1005.0,0.0,160.0,0.016772286400265908
"0.50,0.50",anony,2,,te,kp#0.75,-1,n,0.5,kp,hdbscan,5,email,"te#2,5,1",0.5,0.75,hdbscan#min,adm,1,0.0,0.01597007853412398,0.01582863184997861,0.01582863184997861,0.0,1005.0,0.0,161.0,0.01597007853412398
"0.50,0.50",anony,2,,te,kp#0.75,-1,n,0.5,kp,km,5,email,"te#2,5,1",0.5,0.75,km#max,adm,1,0.0,0.015400891774248866,0.013411980132019649,0.013411980132019649,1.0,1005.0,0.0,165.0,0.014405866898626975
"0.50,0.50",anony,2,,te,kp#0.75,-1,n,0.5,kp,km,5,email,"te#2,5,1",0.5,0.75,km#mean,adm,1,0.0,0.021188266202746026,0.01899176714255732,0.01899176714255732,1.0,1005.0,0.0,181.0,0.020193241327124137
"0.50,0.50",anony,2,,te,kp#0.75,-1,n,0.5,kp,km,5,email,"te#2,5,1",0.5,0.75,km#min,adm,1,0.0,0.022324659573490026,0.02018028636312219,0.02018028636312219,1.0,1005.0,0.0,179.0,0.02132963469786813
"0.50,0.50",anony,2,,te,kp#0.75,-1,n,0.5,kp,vac,5,email,"te#2,5,1",0.5,0.75,vac,adm,1,0.0,1.0,1.0,1.0,1005.0,1005.0,0.0,0.0,1.0
"0.50,0.50",anony,2,,te,kp#1.00,-1,n,0.5,kp,hdbscan,5,email,"te#2,5,1",0.5,1.0,hdbscan#max,adm,1,0.0,0.012500220998773005,0.012538314662515086,0.012538314662515086,0.0,1005.0,0.0,171.0,0.012500220998773005
"0.50,0.50",anony,2,,te,kp#1.00,-1,n,0.5,kp,hdbscan,5,email,"te#2,5,1",0.5,1.0,hdbscan#mean,adm,1,0.0,0.015639464369693816,0.015366943544551141,0.015366943544551141,0.0,1005.0,0.0,161.0,0.015639464369693816
"0.50,0.50",anony,2,,te,kp#1.00,-1,n,0.5,kp,hdbscan,5,email,"te#2,5,1",0.5,1.0,hdbscan#min,adm,1,0.0,0.015503505924535104,0.015251694072090637,0.015251694072090637,0.0,1005.0,0.0,162.0,0.015503505924535104
"0.50,0.50",anony,2,,te,kp#1.00,-1,n,0.5,kp,km,5,email,"te#2,5,1",0.5,1.0,km#max,adm,1,0.0,0.015046940139388353,0.01405202221850598,0.01405202221850598,0.0,1005.0,0.0,163.0,0.015046940139388353
"0.50,0.50",anony,2,,te,kp#1.00,-1,n,0.5,kp,km,5,email,"te#2,5,1",0.5,1.0,km#mean,adm,1,0.0,0.020898740130194767,0.019397244424680774,0.019397244424680774,0.0,1005.0,0.0,181.0,0.020898740130194767
"0.50,0.50",anony,2,,te,kp#1.00,-1,n,0.5,kp,km,5,email,"te#2,5,1",0.5,1.0,km#min,adm,1,0.0,0.02171509191780966,0.020521023063552368,0.020521023063552368,0.0,1005.0,0.0,175.0,0.02171509191780966
"0.50,0.50",anony,2,,te,kp#1.00,-1,n,0.5,kp,vac,5,email,"te#2,5,1",0.5,1.0,vac,adm,1,0.0,1.0,1.0,1.0,1005.0,1005.0,0.0,0.0,1.0
"0.50,0.50",anony,2,,te,ms#0,-1,n,0.5,ms,hdbscan,5,email,"te#2,5,1",0.5,0.0,hdbscan#max,adm,1,0.0,0.006551004748821643,0.00481968743654178,0.00481968743654178,0.0,1005.0,0.0,0.0,0.006551004748821643
"0.50,0.50",anony,2,,te,ms#0,-1,n,0.5,ms,hdbscan,5,email,"te#2,5,1",0.5,0.0,hdbscan#mean,adm,1,0.0,0.006848345337986685,0.004449755009066921,0.004449755009066921,0.0,1005.0,0.0,0.0,0.006848345337986685
"0.50,0.50",anony,2,,te,ms#0,-1,n,0.5,ms,hdbscan,5,email,"te#2,5,1",0.5,0.0,hdbscan#min,adm,1,0.0,0.006594956984798822,0.004371718485394896,0.004371718485394896,0.0,1005.0,0.0,0.0,0.006594956984798822
"0.50,0.50",anony,2,,te,ms#0,-1,n,0.5,ms,km,5,email,"te#2,5,1",0.5,0.0,km#max,adm,1,0.0,0.07292567015667929,0.0012888622023979725,0.0012888622023979725,72.0,1005.0,0.0,0.0,0.0012838791119031713
"0.50,0.50",anony,2,,te,ms#0,-1,n,0.5,ms,km,5,email,"te#2,5,1",0.5,0.0,km#mean,adm,1,0.0,0.3018398059453974,0.0004672405169917597,0.0004672405169917597,303.0,1005.0,0.0,0.0,0.00034726863196455433
"0.50,0.50",anony,2,,te,ms#0,-1,n,0.5,ms,km,5,email,"te#2,5,1",0.5,0.0,km#min,adm,1,0.0,0.2998418355981288,0.00045985788357789004,0.00045985788357789004,301.0,1005.0,0.0,0.0,0.00033934803593970326
"0.50,0.50",anony,2,,te,ms#0,-1,n,0.5,ms,vac,5,email,"te#2,5,1",0.5,0.0,vac,adm,1,0.0,0.003779963013645347,0.0025278885598995554,0.0025278885598995554,1.0,1005.0,0.0,0.0,0.002784938138023457
"0.50,0.50",anony,2,,te,ms#0.25,-1,n,0.5,ms,hdbscan,5,email,"te#2,5,1",0.5,0.25,hdbscan#max,adm,1,0.0,0.006150802490744568,0.00464340061280193,0.00464340061280193,0.0,1005.0,0.0,0.0,0.006150802490744568
"0.50,0.50",anony,2,,te,ms#0.25,-1,n,0.5,ms,hdbscan,5,email,"te#2,5,1",0.5,0.25,hdbscan#mean,adm,1,0.0,0.0072211791080136,0.004512584634681511,0.004512584634681511,0.0,1005.0,0.0,0.0,0.0072211791080136
"0.50,0.50",anony,2,,te,ms#0.25,-1,n,0.5,ms,hdbscan,5,email,"te#2,5,1",0.5,0.25,hdbscan#min,adm,1,0.0,0.007027230584815795,0.004537472615830828,0.004537472615830828,0.0,1005.0,0.0,0.0,0.007027230584815795
"0.50,0.50",anony,2,,te,ms#0.25,-1,n,0.5,ms,km,5,email,"te#2,5,1",0.5,0.25,km#max,adm,1,0.0,0.011827041056268054,0.002276869186250852,0.002276869186250852,9.0,1005.0,0.0,0.0,0.00287181717567104
"0.50,0.50",anony,2,,te,ms#0.25,-1,n,0.5,ms,km,5,email,"te#2,5,1",0.5,0.25,km#mean,adm,1,0.0,0.02349506907537649,0.0031919459041286928,0.0031919459041286928,20.0,1005.0,0.0,0.0,0.0035945715629386826
"0.50,0.50",anony,2,,te,ms#0.25,-1,n,0.5,ms,km,5,email,"te#2,5,1",0.5,0.25,km#min,adm,1,0.0,0.023379972914390375,0.0030115999692773327,0.0030115999692773327,20.0,1005.0,0.0,0.0,0.0034794754019525673
"0.50,0.50",anony,2,,te,ms#0.25,-1,n,0.5,ms,vac,5,email,"te#2,5,1",0.5,0.25,vac,adm,1,0.0,0.003779963013645347,0.0025278885598995554,0.0025278885598995554,1.0,1005.0,0.0,0.0,0.002784938138023457
"0.50,0.50",anony,2,,te,ms#0.50,-1,n,0.5,ms,hdbscan,5,email,"te#2,5,1",0.5,0.5,hdbscan#max,adm,1,0.0,0.007009621402581973,0.004925037732684885,0.004925037732684885,0.0,1005.0,0.0,0.0,0.007009621402581973
"0.50,0.50",anony,2,,te,ms#0.50,-1,n,0.5,ms,hdbscan,5,email,"te#2,5,1",0.5,0.5,hdbscan#mean,adm,1,0.0,0.006787172877616183,0.004484591163782419,0.004484591163782419,0.0,1005.0,0.0,0.0,0.006787172877616183
"0.50,0.50",anony,2,,te,ms#0.50,-1,n,0.5,ms,hdbscan,5,email,"te#2,5,1",0.5,0.5,hdbscan#min,adm,1,0.0,0.0066717231185932525,0.004418089501785604,0.004418089501785604,0.0,1005.0,0.0,0.0,0.0066717231185932525
"0.50,0.50",anony,2,,te,ms#0.50,-1,n,0.5,ms,km,5,email,"te#2,5,1",0.5,0.5,km#max,adm,1,0.0,0.004204245298030106,0.0024131963927231013,0.0024131963927231013,1.0,1005.0,0.0,0.0,0.003209220422408216
"0.50,0.50",anony,2,,te,ms#0.50,-1,n,0.5,ms,km,5,email,"te#2,5,1",0.5,0.5,km#mean,adm,1,0.0,0.005663509036197829,0.003675131333285512,0.003675131333285512,1.0,1005.0,0.0,0.0,0.004668484160575939
"0.50,0.50",anony,2,,te,ms#0.50,-1,n,0.5,ms,km,5,email,"te#2,5,1",0.5,0.5,km#min,adm,1,0.0,0.005665347745989307,0.0036813006450801423,0.0036813006450801423,1.0,1005.0,0.0,0.0,0.0046703228703674155
"0.50,0.50",anony,2,,te,ms#0.50,-1,n,0.5,ms,vac,5,email,"te#2,5,1",0.5,0.5,vac,adm,1,0.0,0.0029284989409738785,0.0025831033765047885,0.0025831033765047885,0.0,1005.0,0.0,0.0,0.0029284989409738785
"0.50,0.50",anony,2,,te,ms#0.75,-1,n,0.5,ms,hdbscan,5,email,"te#2,5,1",0.5,0.75,hdbscan#max,adm,1,0.0,0.0078523516037439,0.005212173127285076,0.005212173127285076,0.0,1005.0,0.0,0.0,0.0078523516037439
"0.50,0.50",anony,2,,te,ms#0.75,-1,n,0.5,ms,hdbscan,5,email,"te#2,5,1",0.5,0.75,hdbscan#mean,adm,1,0.0,0.006804817419653695,0.004645434846005323,0.004645434846005323,0.0,1005.0,0.0,0.0,0.006804817419653695
"0.50,0.50",anony,2,,te,ms#0.75,-1,n,0.5,ms,hdbscan,5,email,"te#2,5,1",0.5,0.75,hdbscan#min,adm,1,0.0,0.006799831687334471,0.004468200938827457,0.004468200938827457,0.0,1005.0,0.0,0.0,0.006799831687334471
"0.50,0.50",anony,2,,te,ms#0.75,-1,n,0.5,ms,km,5,email,"te#2,5,1",0.5,0.75,km#max,adm,1,0.0,0.0036007948883867813,0.0025196427595148303,0.0025196427595148303,0.0,1005.0,0.0,0.0,0.0036007948883867813
"0.50,0.50",anony,2,,te,ms#0.75,-1,n,0.5,ms,km,5,email,"te#2,5,1",0.5,0.75,km#mean,adm,1,0.0,0.005041247210995485,0.003794712807064837,0.003794712807064837,0.0,1005.0,0.0,0.0,0.005041247210995485
"0.50,0.50",anony,2,,te,ms#0.75,-1,n,0.5,ms,km,5,email,"te#2,5,1",0.5,0.75,km#min,adm,1,0.0,0.005060836542235512,0.0036521086137682015,0.0036521086137682015,0.0,1005.0,0.0,0.0,0.005060836542235512
"0.50,0.50",anony,2,,te,ms#0.75,-1,n,0.5,ms,vac,5,email,"te#2,5,1",0.5,0.75,vac,adm,1,0.0,0.0029284989409738785,0.0025831033765047885,0.0025831033765047885,0.0,1005.0,0.0,0.0,0.0029284989409738785
"0.50,0.50",anony,2,,te,ms#1.00,-1,n,0.5,ms,hdbscan,5,email,"te#2,5,1",0.5,1.0,hdbscan#max,adm,1,0.0,0.00643870201232642,0.004866703366670054,0.004866703366670054,0.0,1005.0,0.0,0.0,0.00643870201232642
"0.50,0.50",anony,2,,te,ms#1.00,-1,n,0.5,ms,hdbscan,5,email,"te#2,5,1",0.5,1.0,hdbscan#mean,adm,1,0.0,0.007119519672426781,0.004651570893735943,0.004651570893735943,0.0,1005.0,0.0,0.0,0.007119519672426781
"0.50,0.50",anony,2,,te,ms#1.00,-1,n,0.5,ms,hdbscan,5,email,"te#2,5,1",0.5,1.0,hdbscan#min,adm,1,0.0,0.006543826708674115,0.00428654429762578,0.00428654429762578,0.0,1005.0,0.0,0.0,0.006543826708674115
"0.50,0.50",anony,2,,te,ms#1.00,-1,n,0.5,ms,km,5,email,"te#2,5,1",0.5,1.0,km#max,adm,1,0.0,0.0036399028312594822,0.002529802583107489,0.002529802583107489,0.0,1005.0,0.0,0.0,0.0036399028312594822
"0.50,0.50",anony,2,,te,ms#1.00,-1,n,0.5,ms,km,5,email,"te#2,5,1",0.5,1.0,km#mean,adm,1,0.0,0.0054121715516235475,0.0038476164819964205,0.0038476164819964205,0.0,1005.0,0.0,0.0,0.0054121715516235475
"0.50,0.50",anony,2,,te,ms#1.00,-1,n,0.5,ms,km,5,email,"te#2,5,1",0.5,1.0,km#min,adm,1,0.0,0.0051838179394427955,0.003719364622931647,0.003719364622931647,0.0,1005.0,0.0,0.0,0.0051838179394427955
"0.50,0.50",anony,2,,te,ms#1.00,-1,n,0.5,ms,vac,5,email,"te#2,5,1",0.5,1.0,vac,adm,1,0.0,0.0029284989409738785,0.0025831033765047885,0.0025831033765047885,0.0,1005.0,0.0,0.0,0.0029284989409738785
"0.50,0.50",anony,2,,te,sr,-1,n,0.5,sr,hdbscan,5,email,"te#2,5,1",0.5,,hdbscan#max,adm,1,0.0,0.117458584829937,0.022558205064585186,0.022558205064585186,0.0,1005.0,0.0,52.0,0.117458584829937
"0.50,0.50",anony,2,,te,sr,-1,n,0.5,sr,hdbscan,5,email,"te#2,5,1",0.5,,hdbscan#mean,adm,1,0.0,0.0900639305250581,0.006409487898775496,0.006409487898775496,0.0,1005.0,0.0,96.0,0.0900639305250581
"0.50,0.50",anony,2,,te,sr,-1,n,0.5,sr,hdbscan,5,email,"te#2,5,1",0.5,,hdbscan#min,adm,1,0.0,0.0900639305250581,0.006409487898775496,0.006409487898775496,0.0,1005.0,0.0,96.0,0.0900639305250581
"0.50,0.50",anony,2,,te,sr,-1,n,0.5,sr,km,5,email,"te#2,5,1",0.5,,km#max,adm,1,0.0,0.07478775277839657,0.0031796069000841394,0.0031796069000841394,72.0,1005.0,0.0,96.0,0.0031459617336204553
"0.50,0.50",anony,2,,te,sr,-1,n,0.5,sr,km,5,email,"te#2,5,1",0.5,,km#mean,adm,1,0.0,0.3020472265537982,0.0006759045383558687,0.0006759045383558687,303.0,1005.0,0.0,56.0,0.0005546892403653371
"0.50,0.50",anony,2,,te,sr,-1,n,0.5,sr,km,5,email,"te#2,5,1",0.5,,km#min,adm,1,0.0,0.30005692928392863,0.0006799355445358103,0.0006799355445358103,301.0,1005.0,0.0,60.0,0.0005544417217395605
"0.50,0.50",anony,2,,te,sr,-1,n,0.5,sr,vac,5,email,"te#2,5,1",0.5,,vac,adm,1,0.0,0.003779963013645347,0.0025278885598995554,0.0025278885598995554,1.0,1005.0,0.0,0.0,0.002784938138023457
"0.50,0.50",anony,5,2.0,zipf,kp#0,-1,n,0.5,kp,hdbscan,50,email,"zipf#5,50,5,2",0.5,0.0,hdbscan#max,adm,5,1.0,0.19045218116949014,0.19765142271684258,0.19765142271684258,0.0,1005.0,0.0,0.6666666666666666,0.19045218116949014
"0.50,0.50",anony,5,2.0,zipf,kp#0,-1,n,0.5,kp,hdbscan,50,email,"zipf#5,50,5,2",0.5,0.0,hdbscan#mean,adm,5,1.0,0.7629678779756747,0.17091564720868524,0.17091564720868524,717.0,1005.0,0.0,0.3333333333333333,0.049535042154779295
"0.50,0.50",anony,5,2.0,zipf,kp#0,-1,n,0.5,kp,hdbscan,50,email,"zipf#5,50,5,2",0.5,0.0,hdbscan#min,adm,5,1.0,0.7639362887057249,0.17440548698035374,0.17440548698035374,717.0,1005.0,0.0,0.3333333333333333,0.05050345288482958
"0.50,0.50",anony,5,2.0,zipf,kp#0,-1,n,0.5,kp,km,50,email,"zipf#5,50,5,2",0.5,0.0,km#max,adm,5,1.0,0.4339549351088669,0.12985157472426187,0.12985157472426187,351.0,1005.0,0.0,0.6666666666666666,0.08470120376558332
"0.50,0.50",anony,5,2.0,zipf,kp#0,-1,n,0.5,kp,km,50,email,"zipf#5,50,5,2",0.5,0.0,km#mean,adm,5,1.0,1.0,1.0,1.0,1005.0,1005.0,0.0,0.0,1.0
"0.50,0.50",anony,5,2.0,zipf,kp#0,-1,n,0.5,kp,km,50,email,"zipf#5,50,5,2",0.5,0.0,km#min,adm,5,1.0,1.0,1.0,1.0,1005.0,1005.0,0.0,0.0,1.0
"0.50,0.50",anony,5,2.0,zipf,kp#0,-1,n,0.5,kp,vac,50,email,"zipf#5,50,5,2",0.5,0.0,vac,adm,5,1.0,0.7489759918719598,0.15614566058595908,0.15614566058595908,705.0,1005.0,0.0,0.0,0.04748345455852696
"0.50,0.50",anony,5,2.0,zipf,kp#0.25,-1,n,0.5,kp,hdbscan,50,email,"zipf#5,50,5,2",0.5,0.25,hdbscan#max,adm,5,1.0,0.1864271393565223,0.19379806268847524,0.19379806268847524,0.0,1005.0,0.0,1.0,0.1864271393565223
"0.50,0.50",anony,5,2.0,zipf,kp#0.25,-1,n,0.5,kp,hdbscan,50,email,"zipf#5,50,5,2",0.5,0.25,hdbscan#mean,adm,5,1.0,0.7647567068707635,0.1771983891030097,0.1771983891030097,717.0,1005.0,0.0,0.3333333333333333,0.051323871049867915
"0.50,0.50",anony,5,2.0,zipf,kp#0.25,-1,n,0.5,kp,hdbscan,50,email,"zipf#5,50,5,2",0.5,0.25,hdbscan#min,adm,5,1.0,0.7642186720979325,0.17516812130531959,0.17516812130531959,717.0,1005.0,0.0,0.3333333333333333,0.050785836277036984
"0.50,0.50",anony,5,2.0,zipf,kp#0.25,-1,n,0.5,kp,km,50,email,"zipf#5,50,5,2",0.5,0.25,km#max,adm,5,1.0,0.3343209090769794,0.14895503406784916,0.14895503406784916,219.33333333333334,1005.0,0.0,0.6666666666666666,0.11607878635724482
"0.50,0.50",anony,5,2.0,zipf,kp#0.25,-1,n,0.5,kp,km,50,email,"zipf#5,50,5,2",0.5,0.25,km#mean,adm,5,1.0,1.0,1.0,1.0,1005.0,1005.0,0.0,0.0,1.0
"0.50,0.50",anony,5,2.0,zipf,kp#0.25,-1,n,0.5,kp,km,50,email,"zipf#5,50,5,2",0.5,0.25,km#min,adm,5,1.0,1.0,1.0,1.0,1005.0,1005.0,0.0,0.0,1.0
"0.50,0.50",anony,5,2.0,zipf,kp#0.25,-1,n,0.5,kp,vac,50,email,"zipf#5,50,5,2",0.5,0.25,vac,adm,5,1.0,0.4867433031478477,0.21565600335661664,0.21565600335661664,352.3333333333333,1005.0,0.0,0.3333333333333333,0.13616287197040153
"0.50,0.50",anony,5,2.0,zipf,kp#0.50,-1,n,0.5,kp,hdbscan,50,email,"zipf#5,50,5,2",0.5,0.5,hdbscan#max,adm,5,1.0,0.18819696825043228,0.19510605225614683,0.19510605225614683,0.0,1005.0,0.0,0.6666666666666666,0.18819696825043228
"0.50,0.50",anony,5,2.0,zipf,kp#0.50,-1,n,0.5,kp,hdbscan,50,email,"zipf#5,50,5,2",0.5,0.5,hdbscan#mean,adm,5,1.0,0.18236473401766343,0.17947544757532105,0.17947544757532105,2.0,1005.0,0.0,0.6666666666666666,0.18037468426641964
"0.50,0.50",anony,5,2.0,zipf,kp#0.50,-1,n,0.5,kp,hdbscan,50,email,"zipf#5,50,5,2",0.5,0.5,hdbscan#min,adm,5,1.0,0.17845635598364495,0.17520954530032637,0.17520954530032637,2.0,1005.0,0.0,0.3333333333333333,0.1764663062324012
"0.50,0.50",anony,5,2.0,zipf,kp#0.50,-1,n,0.5,kp,km,50,email,"zipf#5,50,5,2",0.5,0.5,km#max,adm,5,1.0,0.17774174613782548,0.16238264755845164,0.16238264755845164,14.333333333333334,1005.0,0.0,0.3333333333333333,0.16347972292057839
"0.50,0.50",anony,5,2.0,zipf,kp#0.50,-1,n,0.5,kp,km,50,email,"zipf#5,50,5,2",0.5,0.5,km#mean,adm,5,1.0,1.0,1.0,1.0,1005.0,1005.0,0.0,0.0,1.0
"0.50,0.50",anony,5,2.0,zipf,kp#0.50,-1,n,0.5,kp,km,50,email,"zipf#5,50,5,2",0.5,0.5,km#min,adm,5,1.0,1.0,1.0,1.0,1005.0,1005.0,0.0,0.0,1.0
"0.50,0.50",anony,5,2.0,zipf,kp#0.50,-1,n,0.5,kp,vac,50,email,"zipf#5,50,5,2",0.5,0.5,vac,adm,5,1.0,0.21735882303714785,0.20310228949654874,0.20310228949654874,13.333333333333334,1005.0,0.0,1.6666666666666667,0.20409182469552267
"0.50,0.50",anony,5,2.0,zipf,kp#0.75,-1,n,0.5,kp,hdbscan,50,email,"zipf#5,50,5,2",0.5,0.75,hdbscan#max,adm,5,1.0,0.18938215815025794,0.19633372961785986,0.19633372961785986,0.0,1005.0,0.0,0.6666666666666666,0.18938215815025794
"0.50,0.50",anony,5,2.0,zipf,kp#0.75,-1,n,0.5,kp,hdbscan,50,email,"zipf#5,50,5,2",0.5,0.75,hdbscan#mean,adm,5,1.0,0.18191327183084816,0.179834955051956,0.179834955051956,0.0,1005.0,0.0,0.0,0.18191327183084816
"0.50,0.50",anony,5,2.0,zipf,kp#0.75,-1,n,0.5,kp,hdbscan,50,email,"zipf#5,50,5,2",0.5,0.75,hdbscan#min,adm,5,1.0,0.18267668999235057,0.18058980954957207,0.18058980954957207,0.0,1005.0,0.0,0.0,0.18267668999235057
"0.50,0.50",anony,5,2.0,zipf,kp#0.75,-1,n,0.5,kp,km,50,email,"zipf#5,50,5,2",0.5,0.75,km#max,adm,5,1.0,0.17150142441075836,0.16873818074214697,0.16873818074214697,1.0,1005.0,0.0,0.3333333333333333,0.17050639953513647
"0.50,0.50",anony,5,2.0,zipf,kp#0.75,-1,n,0.5,kp,km,50,email,"zipf#5,50,5,2",0.5,0.75,km#mean,adm,5,1.0,1.0,1.0,1.0,1005.0,1005.0,0.0,0.0,1.0
"0.50,0.50",anony,5,2.0,zipf,kp#0.75,-1,n,0.5,kp,km,50,email,"zipf#5,50,5,2",0.5,0.75,km#min,adm,5,1.0,1.0,1.0,1.0,1005.0,1005.0,0.0,0.0,1.0
"0.50,0.50",anony,5,2.0,zipf,kp#0.75,-1,n,0.5,kp,vac,50,email,"zipf#5,50,5,2",0.5,0.75,vac,adm,5,1.0,0.2060130289089969,0.20276820374187654,0.20276820374187654,0.6666666666666666,1005.0,0.0,2.0,0.20534967899191567
"0.50,0.50",anony,5,2.0,zipf,kp#1.00,-1,n,0.5,kp,hdbscan,50,email,"zipf#5,50,5,2",0.5,1.0,hdbscan#max,adm,5,1.0,0.1870596908845962,0.19389761420983928,0.19389761420983928,0.0,1005.0,0.0,1.0,0.1870596908845962
"0.50,0.50",anony,5,2.0,zipf,kp#1.00,-1,n,0.5,kp,hdbscan,50,email,"zipf#5,50,5,2",0.5,1.0,hdbscan#mean,adm,5,1.0,0.18047073327982224,0.17864787274782676,0.17864787274782676,0.0,1005.0,0.0,0.3333333333333333,0.18047073327982224
"0.50,0.50",anony,5,2.0,zipf,kp#1.00,-1,n,0.5,kp,hdbscan,50,email,"zipf#5,50,5,2",0.5,1.0,hdbscan#min,adm,5,1.0,0.18732481869260664,0.18537285441613446,0.18537285441613446,0.0,1005.0,0.0,0.3333333333333333,0.18732481869260664
"0.50,0.50",anony,5,2.0,zipf,kp#1.00,-1,n,0.5,kp,km,50,email,"zipf#5,50,5,2",0.5,1.0,km#max,adm,5,1.0,0.18577569390668072,0.17988482597501385,0.17988482597501385,0.0,1005.0,0.0,0.3333333333333333,0.18577569390668072
"0.50,0.50",anony,5,2.0,zipf,kp#1.00,-1,n,0.5,kp,km,50,email,"zipf#5,50,5,2",0.5,1.0,km#mean,adm,5,1.0,1.0,1.0,1.0,1005.0,1005.0,0.0,0.0,1.0
"0.50,0.50",anony,5,2.0,zipf,kp#1.00,-1,n,0.5,kp,km,50,email,"zipf#5,50,5,2",0.5,1.0,km#min,adm,5,1.0,1.0,1.0,1.0,1005.0,1005.0,0.0,0.0,1.0
"0.50,0.50",anony,5,2.0,zipf,kp#1.00,-1,n,0.5,kp,vac,50,email,"zipf#5,50,5,2",0.5,1.0,vac,adm,5,1.0,0.2071921840689941,0.2035592376315973,0.2035592376315973,0.0,1005.0,0.0,1.3333333333333333,0.2071921840689941
"0.50,0.50",anony,5,2.0,zipf,ms#0,-1,n,0.5,ms,hdbscan,50,email,"zipf#5,50,5,2",0.5,0.0,hdbscan#max,adm,5,1.0,0.1866828850299556,0.1889967890111619,0.1889967890111619,0.0,1005.0,0.0,0.0,0.1866828850299556
"0.50,0.50",anony,5,2.0,zipf,ms#0,-1,n,0.5,ms,hdbscan,50,email,"zipf#5,50,5,2",0.5,0.0,hdbscan#mean,adm,5,1.0,0.7112081384124155,0.13427299979840088,0.13427299979840088,661.0,1005.0,0.0,0.0,0.05349669562634587
"0.50,0.50",anony,5,2.0,zipf,ms#0,-1,n,0.5,ms,hdbscan,50,email,"zipf#5,50,5,2",0.5,0.0,hdbscan#min,adm,5,1.0,0.705253948216746,0.11303525727290835,0.11303525727290835,661.0,1005.0,0.0,0.0,0.047542505430676514
"0.50,0.50",anony,5,2.0,zipf,ms#0,-1,n,0.5,ms,km,50,email,"zipf#5,50,5,2",0.5,0.0,km#max,adm,5,1.0,0.3680197684875787,0.12403048499417972,0.12403048499417972,277.0,1005.0,0.0,0.0,0.09239787794031495
"0.50,0.50",anony,5,2.0,zipf,ms#0,-1,n,0.5,ms,km,50,email,"zipf#5,50,5,2",0.5,0.0,km#mean,adm,5,1.0,0.9610154039091442,0.004223578437879274,0.004223578437879274,965.6666666666666,1005.0,0.0,0.0,0.00015304901693852463
"0.50,0.50",anony,5,2.0,zipf,ms#0,-1,n,0.5,ms,km,50,email,"zipf#5,50,5,2",0.5,0.0,km#min,adm,5,1.0,0.9596829286403802,0.0034646213377556665,0.0034646213377556665,964.3333333333334,1005.0,0.0,0.0,0.00014727358233707088
"0.50,0.50",anony,5,2.0,zipf,ms#0,-1,n,0.5,ms,vac,50,email,"zipf#5,50,5,2",0.5,0.0,vac,adm,5,1.0,0.11508295999273947,0.048170975014117795,0.048170975014117795,15.0,1005.0,0.0,0.0,0.1001575868584111
"0.50,0.50",anony,5,2.0,zipf,ms#0.25,-1,n,0.5,ms,hdbscan,50,email,"zipf#5,50,5,2",0.5,0.25,hdbscan#max,adm,5,1.0,0.18823487395997976,0.1922335735791875,0.1922335735791875,0.0,1005.0,0.0,0.0,0.18823487395997976
"0.50,0.50",anony,5,2.0,zipf,ms#0.25,-1,n,0.5,ms,hdbscan,50,email,"zipf#5,50,5,2",0.5,0.25,hdbscan#mean,adm,5,1.0,0.534220051130276,0.14684348447524417,0.14684348447524417,440.3333333333333,1005.0,0.0,0.0,0.09607743089810365
"0.50,0.50",anony,5,2.0,zipf,ms#0.25,-1,n,0.5,ms,hdbscan,50,email,"zipf#5,50,5,2",0.5,0.25,hdbscan#min,adm,5,1.0,0.536940811224616,0.15821841313527352,0.15821841313527352,440.3333333333333,1005.0,0.0,0.0,0.09879819099244362
"0.50,0.50",anony,5,2.0,zipf,ms#0.25,-1,n,0.5,ms,km,50,email,"zipf#5,50,5,2",0.5,0.25,km#max,adm,5,1.0,0.2599020533437998,0.14872968584212046,0.14872968584212046,128.0,1005.0,0.0,0.0,0.1325388692641978
"0.50,0.50",anony,5,2.0,zipf,ms#0.25,-1,n,0.5,ms,km,50,email,"zipf#5,50,5,2",0.5,0.25,km#mean,adm,5,1.0,0.2891571283596233,0.2043629794188572,0.2043629794188572,98.66666666666667,1005.0,0.0,0.0,0.1909813406315968
"0.50,0.50",anony,5,2.0,zipf,ms#0.25,-1,n,0.5,ms,km,50,email,"zipf#5,50,5,2",0.5,0.25,km#min,adm,5,1.0,0.3120456707224362,0.2127934949059975,0.2127934949059975,125.33333333333333,1005.0,0.0,0.0,0.18733588631115924
"0.50,0.50",anony,5,2.0,zipf,ms#0.25,-1,n,0.5,ms,vac,50,email,"zipf#5,50,5,2",0.5,0.25,vac,adm,5,1.0,0.112737862452721,0.048928634897756625,0.048928634897756625,10.0,1005.0,0.0,0.0,0.10278761369650212
"0.50,0.50",anony,5,2.0,zipf,ms#0.50,-1,n,0.5,ms,hdbscan,50,email,"zipf#5,50,5,2",0.5,0.5,hdbscan#max,adm,5,1.0,0.1835644921566062,0.18783062884538926,0.18783062884538926,0.0,1005.0,0.0,0.0,0.1835644921566062
"0.50,0.50",anony,5,2.0,zipf,ms#0.50,-1,n,0.5,ms,hdbscan,50,email,"zipf#5,50,5,2",0.5,0.5,hdbscan#mean,adm,5,1.0,0.18889109298331852,0.18290122868566341,0.18290122868566341,2.0,1005.0,0.0,0.0,0.18690104323207468
"0.50,0.50",anony,5,2.0,zipf,ms#0.50,-1,n,0.5,ms,hdbscan,50,email,"zipf#5,50,5,2",0.5,0.5,hdbscan#min,adm,5,1.0,0.182545976584738,0.17698870851134477,0.17698870851134477,2.0,1005.0,0.0,0.0,0.18055592683349422
"0.50,0.50",anony,5,2.0,zipf,ms#0.50,-1,n,0.5,ms,km,50,email,"zipf#5,50,5,2",0.5,0.5,km#max,adm,5,1.0,0.1669671542783595,0.15294742335913677,0.15294742335913677,9.0,1005.0,0.0,0.0,0.15801193039776248
"0.50,0.50",anony,5,2.0,zipf,ms#0.50,-1,n,0.5,ms,km,50,email,"zipf#5,50,5,2",0.5,0.5,km#mean,adm,5,1.0,0.20524640479196066,0.1878978005058893,0.1878978005058893,18.0,1005.0,0.0,0.0,0.18733595703076658
"0.50,0.50",anony,5,2.0,zipf,ms#0.50,-1,n,0.5,ms,km,50,email,"zipf#5,50,5,2",0.5,0.5,km#min,adm,5,1.0,0.19235301813604333,0.17745428446457234,0.17745428446457234,14.333333333333334,1005.0,0.0,0.0,0.1780909949187962
"0.50,0.50",anony,5,2.0,zipf,ms#0.50,-1,n,0.5,ms,vac,50,email,"zipf#5,50,5,2",0.5,0.5,vac,adm,5,1.0,0.10983036723513445,0.05119156077842222,0.05119156077842222,1.6666666666666667,1005.0,0.0,0.0,0.1081719924424313
"0.50,0.50",anony,5,2.0,zipf,ms#0.75,-1,n,0.5,ms,hdbscan,50,email,"zipf#5,50,5,2",0.5,0.75,hdbscan#max,adm,5,1.0,0.18512925776236086,0.18929671031740083,0.18929671031740083,0.0,1005.0,0.0,0.0,0.18512925776236086
"0.50,0.50",anony,5,2.0,zipf,ms#0.75,-1,n,0.5,ms,hdbscan,50,email,"zipf#5,50,5,2",0.5,0.75,hdbscan#mean,adm,5,1.0,0.18465987994167996,0.1823991012662469,0.1823991012662469,0.0,1005.0,0.0,0.0,0.18465987994167996
"0.50,0.50",anony,5,2.0,zipf,ms#0.75,-1,n,0.5,ms,hdbscan,50,email,"zipf#5,50,5,2",0.5,0.75,hdbscan#min,adm,5,1.0,0.18915909672202832,0.1866449718372292,0.1866449718372292,0.0,1005.0,0.0,0.0,0.18915909672202832
"0.50,0.50",anony,5,2.0,zipf,ms#0.75,-1,n,0.5,ms,km,50,email,"zipf#5,50,5,2",0.5,0.75,km#max,adm,5,1.0,0.1664196195049392,0.15811633064240918,0.15811633064240918,1.0,1005.0,0.0,0.0,0.1654245946293173
"0.50,0.50",anony,5,2.0,zipf,ms#0.75,-1,n,0.5,ms,km,50,email,"zipf#5,50,5,2",0.5,0.75,km#mean,adm,5,1.0,0.19812730943717805,0.18538731762394403,0.18538731762394403,12.0,1005.0,0.0,0.0,0.18618701092971535
"0.50,0.50",anony,5,2.0,zipf,ms#0.75,-1,n,0.5,ms,km,50,email,"zipf#5,50,5,2",0.5,0.75,km#min,adm,5,1.0,0.19596275905476176,0.1854364017532205,0.1854364017532205,6.0,1005.0,0.0,0.0,0.1899926098010304
"0.50,0.50",anony,5,2.0,zipf,ms#0.75,-1,n,0.5,ms,vac,50,email,"zipf#5,50,5,2",0.5,0.75,vac,adm,5,1.0,0.10974374750271387,0.052133492525330484,0.052133492525330484,0.0,1005.0,0.0,0.0,0.10974374750271387
"0.50,0.50",anony,5,2.0,zipf,ms#1.00,-1,n,0.5,ms,hdbscan,50,email,"zipf#5,50,5,2",0.5,1.0,hdbscan#max,adm,5,1.0,0.18438059642559526,0.1882504716052605,0.1882504716052605,0.0,1005.0,0.0,0.0,0.18438059642559526
"0.50,0.50",anony,5,2.0,zipf,ms#1.00,-1,n,0.5,ms,hdbscan,50,email,"zipf#5,50,5,2",0.5,1.0,hdbscan#mean,adm,5,1.0,0.18609043151925753,0.18132010893646286,0.18132010893646286,0.0,1005.0,0.0,0.0,0.18609043151925753
"0.50,0.50",anony,5,2.0,zipf,ms#1.00,-1,n,0.5,ms,hdbscan,50,email,"zipf#5,50,5,2",0.5,1.0,hdbscan#min,adm,5,1.0,0.18634993711848247,0.18603539868390465,0.18603539868390465,0.0,1005.0,0.0,0.0,0.18634993711848247
"0.50,0.50",anony,5,2.0,zipf,ms#1.00,-1,n,0.5,ms,km,50,email,"zipf#5,50,5,2",0.5,1.0,km#max,adm,5,1.0,0.16806717419771555,0.16070499386763157,0.16070499386763157,0.0,1005.0,0.0,0.0,0.16806717419771555
"0.50,0.50",anony,5,2.0,zipf,ms#1.00,-1,n,0.5,ms,km,50,email,"zipf#5,50,5,2",0.5,1.0,km#mean,adm,5,1.0,0.19480061196033574,0.18444100418462614,0.18444100418462614,11.0,1005.0,0.0,0.0,0.18385533832849496
"0.50,0.50",anony,5,2.0,zipf,ms#1.00,-1,n,0.5,ms,km,50,email,"zipf#5,50,5,2",0.5,1.0,km#min,adm,5,1.0,0.19211364405171494,0.18345632718377924,0.18345632718377924,5.0,1005.0,0.0,0.0,0.18713851967360548
"0.50,0.50",anony,5,2.0,zipf,ms#1.00,-1,n,0.5,ms,vac,50,email,"zipf#5,50,5,2",0.5,1.0,vac,adm,5,1.0,0.10974374750271387,0.052133492525330484,0.052133492525330484,0.0,1005.0,0.0,0.0,0.10974374750271387
"0.50,0.50",anony,5,2.0,zipf,sr,-1,n,0.5,sr,hdbscan,50,email,"zipf#5,50,5,2",0.5,,hdbscan#max,adm,5,1.0,0.37346568507851857,0.1820149658580228,0.1820149658580228,0.0,1005.0,0.0,2.6666666666666665,0.37346568507851857
"0.50,0.50",anony,5,2.0,zipf,sr,-1,n,0.5,sr,hdbscan,50,email,"zipf#5,50,5,2",0.5,,hdbscan#mean,adm,5,1.0,0.7636562626337632,0.12891749253075954,0.12891749253075954,661.0,1005.0,0.0,1.0,0.1059448198476935
"0.50,0.50",anony,5,2.0,zipf,sr,-1,n,0.5,sr,hdbscan,50,email,"zipf#5,50,5,2",0.5,,hdbscan#min,adm,5,1.0,0.7636562626337632,0.12891749253075954,0.12891749253075954,661.0,1005.0,0.0,1.0,0.1059448198476935
"0.50,0.50",anony,5,2.0,zipf,sr,-1,n,0.5,sr,km,50,email,"zipf#5,50,5,2",0.5,,km#max,adm,5,1.0,0.37572366784886274,0.13535365477776473,0.13535365477776473,277.0,1005.0,0.0,1.6666666666666667,0.10010177730159907
"0.50,0.50",anony,5,2.0,zipf,sr,-1,n,0.5,sr,km,50,email,"zipf#5,50,5,2",0.5,,km#mean,adm,5,1.0,0.9610154039091442,0.004223578437879274,0.004223578437879274,965.6666666666666,1005.0,0.0,0.0,0.00015304901693852463
"0.50,0.50",anony,5,2.0,zipf,sr,-1,n,0.5,sr,km,50,email,"zipf#5,50,5,2",0.5,,km#min,adm,5,1.0,0.9596829286403802,0.0034646213377556665,0.0034646213377556665,964.3333333333334,1005.0,0.0,0.0,0.00014727358233707088
"0.50,0.50",anony,5,2.0,zipf,sr,-1,n,0.5,sr,vac,50,email,"zipf#5,50,5,2",0.5,,vac,adm,5,1.0,0.11508295999273947,0.048170975014117795,0.048170975014117795,15.0,1005.0,0.0,0.0,0.1001575868584111
"0.50,0.50",anony,5,,te,kp#0,-1,n,0.5,kp,hdbscan,50,email,"te#5,50,5",0.5,0.0,hdbscan#max,adm,5,0.0,0.18348180914899567,0.19061055588180945,0.19061055588180945,0.0,1005.0,0.0,15.0,0.18348180914899567
"0.50,0.50",anony,5,,te,kp#0,-1,n,0.5,kp,hdbscan,50,email,"te#5,50,5",0.5,0.0,hdbscan#mean,adm,5,0.0,0.7648590027828165,0.1774092181505581,0.1774092181505581,717.0,1005.0,0.0,4.0,0.05142616696192101
"0.50,0.50",anony,5,,te,kp#0,-1,n,0.5,kp,hdbscan,50,email,"te#5,50,5",0.5,0.0,hdbscan#min,adm,5,0.0,0.7619244573154129,0.1674008625834825,0.1674008625834825,717.0,1005.0,0.0,3.0,0.04849162149451746
"0.50,0.50",anony,5,,te,kp#0,-1,n,0.5,kp,km,50,email,"te#5,50,5",0.5,0.0,km#max,adm,5,0.0,0.5106587531426026,0.12152200471071985,0.12152200471071985,445.0,1005.0,0.0,10.0,0.06787268349086127
"0.50,0.50",anony,5,,te,kp#0,-1,n,0.5,kp,km,50,email,"te#5,50,5",0.5,0.0,km#mean,adm,5,0.0,1.0,1.0,1.0,1005.0,1005.0,0.0,0.0,1.0
"0.50,0.50",anony,5,,te,kp#0,-1,n,0.5,kp,km,50,email,"te#5,50,5",0.5,0.0,km#min,adm,5,0.0,1.0,1.0,1.0,1005.0,1005.0,0.0,0.0,1.0
"0.50,0.50",anony,5,,te,kp#0,-1,n,0.5,kp,vac,50,email,"te#5,50,5",0.5,0.0,vac,adm,5,0.0,1.0,1.0,1.0,1005.0,1005.0,0.0,0.0,1.0
"0.50,0.50",anony,5,,te,kp#0.25,-1,n,0.5,kp,hdbscan,50,email,"te#5,50,5",0.5,0.25,hdbscan#max,adm,5,0.0,0.1918202873337647,0.19853939906087195,0.19853939906087195,0.0,1005.0,0.0,15.0,0.1918202873337647
"0.50,0.50",anony,5,,te,kp#0.25,-1,n,0.5,kp,hdbscan,50,email,"te#5,50,5",0.5,0.25,hdbscan#mean,adm,5,0.0,0.7632497781172319,0.17196061786900702,0.17196061786900702,717.0,1005.0,0.0,3.0,0.04981694229633638
"0.50,0.50",anony,5,,te,kp#0.25,-1,n,0.5,kp,hdbscan,50,email,"te#5,50,5",0.5,0.25,hdbscan#min,adm,5,0.0,0.7637884493665291,0.17368448371968165,0.17368448371968165,717.0,1005.0,0.0,4.0,0.05035561354563356
"0.50,0.50",anony,5,,te,kp#0.25,-1,n,0.5,kp,km,50,email,"te#5,50,5",0.5,0.25,km#max,adm,5,0.0,0.2980792554639736,0.15641375169658076,0.15641375169658076,166.0,1005.0,0.0,15.0,0.13290512611073982
"0.50,0.50",anony,5,,te,kp#0.25,-1,n,0.5,kp,km,50,email,"te#5,50,5",0.5,0.25,km#mean,adm,5,0.0,1.0,1.0,1.0,1005.0,1005.0,0.0,0.0,1.0
"0.50,0.50",anony,5,,te,kp#0.25,-1,n,0.5,kp,km,50,email,"te#5,50,5",0.5,0.25,km#min,adm,5,0.0,1.0,1.0,1.0,1005.0,1005.0,0.0,0.0,1.0
"0.50,0.50",anony,5,,te,kp#0.25,-1,n,0.5,kp,vac,50,email,"te#5,50,5",0.5,0.25,vac,adm,5,0.0,1.0,1.0,1.0,1005.0,1005.0,0.0,0.0,1.0
"0.50,0.50",anony,5,,te,kp#0.50,-1,n,0.5,kp,hdbscan,50,email,"te#5,50,5",0.5,0.5,hdbscan#max,adm,5,0.0,0.1875725494772053,0.19568710280793192,0.19568710280793192,0.0,1005.0,0.0,15.0,0.1875725494772053
"0.50,0.50",anony,5,,te,kp#0.50,-1,n,0.5,kp,hdbscan,50,email,"te#5,50,5",0.5,0.5,hdbscan#mean,adm,5,0.0,0.1726450193948523,0.17008451824084547,0.17008451824084547,2.0,1005.0,0.0,18.0,0.17065496964360852
"0.50,0.50",anony,5,,te,kp#0.50,-1,n,0.5,kp,hdbscan,50,email,"te#5,50,5",0.5,0.5,hdbscan#min,adm,5,0.0,0.18596551711944898,0.183136175530802,0.183136175530802,2.0,1005.0,0.0,17.0,0.1839754673682052
"0.50,0.50",anony,5,,te,kp#0.50,-1,n,0.5,kp,km,50,email,"te#5,50,5",0.5,0.5,km#max,adm,5,0.0,0.18287036742372004,0.168247178003122,0.168247178003122,7.0,1005.0,0.0,17.0,0.1759051932943668
"0.50,0.50",anony,5,,te,kp#0.50,-1,n,0.5,kp,km,50,email,"te#5,50,5",0.5,0.5,km#mean,adm,5,0.0,1.0,1.0,1.0,1005.0,1005.0,0.0,0.0,1.0
"0.50,0.50",anony,5,,te,kp#0.50,-1,n,0.5,kp,km,50,email,"te#5,50,5",0.5,0.5,km#min,adm,5,0.0,1.0,1.0,1.0,1005.0,1005.0,0.0,0.0,1.0
"0.50,0.50",anony,5,,te,kp#0.50,-1,n,0.5,kp,vac,50,email,"te#5,50,5",0.5,0.5,vac,adm,5,0.0,1.0,1.0,1.0,1005.0,1005.0,0.0,0.0,1.0
"0.50,0.50",anony,5,,te,kp#0.75,-1,n,0.5,kp,hdbscan,50,email,"te#5,50,5",0.5,0.75,hdbscan#max,adm,5,0.0,0.1873223081465452,0.19520193914600495,0.19520193914600495,0.0,1005.0,0.0,15.0,0.1873223081465452
"0.50,0.50",anony,5,,te,kp#0.75,-1,n,0.5,kp,hdbscan,50,email,"te#5,50,5",0.5,0.75,hdbscan#mean,adm,5,0.0,0.19322665280562368,0.19184372553650544,0.19184372553650544,0.0,1005.0,0.0,17.0,0.19322665280562368
"0.50,0.50",anony,5,,te,kp#0.75,-1,n,0.5,kp,hdbscan,50,email,"te#5,50,5",0.5,0.75,hdbscan#min,adm,5,0.0,0.18159935928035734,0.1796296870973607,0.1796296870973607,0.0,1005.0,0.0,18.0,0.18159935928035734
"0.50,0.50",anony,5,,te,kp#0.75,-1,n,0.5,kp,km,50,email,"te#5,50,5",0.5,0.75,km#max,adm,5,0.0,0.1708480341717144,0.16163152112994644,0.16163152112994644,1.0,1005.0,0.0,17.0,0.1698530092960925
"0.50,0.50",anony,5,,te,kp#0.75,-1,n,0.5,kp,km,50,email,"te#5,50,5",0.5,0.75,km#mean,adm,5,0.0,1.0,1.0,1.0,1005.0,1005.0,0.0,0.0,1.0
"0.50,0.50",anony,5,,te,kp#0.75,-1,n,0.5,kp,km,50,email,"te#5,50,5",0.5,0.75,km#min,adm,5,0.0,1.0,1.0,1.0,1005.0,1005.0,0.0,0.0,1.0
"0.50,0.50",anony,5,,te,kp#0.75,-1,n,0.5,kp,vac,50,email,"te#5,50,5",0.5,0.75,vac,adm,5,0.0,1.0,1.0,1.0,1005.0,1005.0,0.0,0.0,1.0
"0.50,0.50",anony,5,,te,kp#1.00,-1,n,0.5,kp,hdbscan,50,email,"te#5,50,5",0.5,1.0,hdbscan#max,adm,5,0.0,0.1987035681577896,0.20607997195116687,0.20607997195116687,0.0,1005.0,0.0,15.0,0.1987035681577896
"0.50,0.50",anony,5,,te,kp#1.00,-1,n,0.5,kp,hdbscan,50,email,"te#5,50,5",0.5,1.0,hdbscan#mean,adm,5,0.0,0.16843044903414706,0.1660208712449586,0.1660208712449586,0.0,1005.0,0.0,18.0,0.16843044903414706
"0.50,0.50",anony,5,,te,kp#1.00,-1,n,0.5,kp,hdbscan,50,email,"te#5,50,5",0.5,1.0,hdbscan#min,adm,5,0.0,0.19127221037668807,0.19015781141651855,0.19015781141651855,0.0,1005.0,0.0,17.0,0.19127221037668807
"0.50,0.50",anony,5,,te,kp#1.00,-1,n,0.5,kp,km,50,email,"te#5,50,5",0.5,1.0,km#max,adm,5,0.0,0.1806715533915356,0.17476126976010573,0.17476126976010573,0.0,1005.0,0.0,16.0,0.1806715533915356
"0.50,0.50",anony,5,,te,kp#1.00,-1,n,0.5,kp,km,50,email,"te#5,50,5",0.5,1.0,km#mean,adm,5,0.0,1.0,1.0,1.0,1005.0,1005.0,0.0,0.0,1.0
"0.50,0.50",anony,5,,te,kp#1.00,-1,n,0.5,kp,km,50,email,"te#5,50,5",0.5,1.0,km#min,adm,5,0.0,1.0,1.0,1.0,1005.0,1005.0,0.0,0.0,1.0
"0.50,0.50",anony,5,,te,kp#1.00,-1,n,0.5,kp,vac,50,email,"te#5,50,5",0.5,1.0,vac,adm,5,0.0,1.0,1.0,1.0,1005.0,1005.0,0.0,0.0,1.0
"0.50,0.50",anony,5,,te,ms#0,-1,n,0.5,ms,hdbscan,50,email,"te#5,50,5",0.5,0.0,hdbscan#max,adm,5,0.0,0.07961829091924885,0.036537764761666286,0.036537764761666286,0.0,1005.0,0.0,0.0,0.07961829091924885
"0.50,0.50",anony,5,,te,ms#0,-1,n,0.5,ms,hdbscan,50,email,"te#5,50,5",0.5,0.0,hdbscan#mean,adm,5,0.0,0.14798972444104996,0.01939120812642229,0.01939120812642229,106.0,1005.0,0.0,0.0,0.04251708762512952
"0.50,0.50",anony,5,,te,ms#0,-1,n,0.5,ms,hdbscan,50,email,"te#5,50,5",0.5,0.0,hdbscan#min,adm,5,0.0,0.15695375291276378,0.018369552997605898,0.018369552997605898,106.0,1005.0,0.0,0.0,0.0514811160968434
"0.50,0.50",anony,5,,te,ms#0,-1,n,0.5,ms,km,50,email,"te#5,50,5",0.5,0.0,km#max,adm,5,0.0,0.053518335826199484,0.02526197268072126,0.02526197268072126,8.0,1005.0,0.0,0.0,0.045558136821224365
"0.50,0.50",anony,5,,te,ms#0,-1,n,0.5,ms,km,50,email,"te#5,50,5",0.5,0.0,km#mean,adm,5,0.0,0.3658208955223881,0.0022544898177449704,0.0022544898177449704,366.0,1005.0,0.0,0.0,0.0016417910447761193
"0.50,0.50",anony,5,,te,ms#0,-1,n,0.5,ms,km,50,email,"te#5,50,5",0.5,0.0,km#min,adm,5,0.0,0.4183077151555654,0.0021967289604618414,0.0021967289604618414,419.0,1005.0,0.0,0.0,0.001392292269993318
"0.50,0.50",anony,5,,te,ms#0,-1,n,0.5,ms,vac,50,email,"te#5,50,5",0.5,0.0,vac,adm,5,0.0,0.05296290402995682,0.012271470589550004,0.012271470589550004,30.0,1005.0,0.0,0.0,0.0231121577613001
"0.50,0.50",anony,5,,te,ms#0.25,-1,n,0.5,ms,hdbscan,50,email,"te#5,50,5",0.5,0.25,hdbscan#max,adm,5,0.0,0.07606933350306043,0.03660053019607858,0.03660053019607858,0.0,1005.0,0.0,0.0,0.07606933350306043
"0.50,0.50",anony,5,,te,ms#0.25,-1,n,0.5,ms,hdbscan,50,email,"te#5,50,5",0.5,0.25,hdbscan#mean,adm,5,0.0,0.06811719653332489,0.02292010491479913,0.02292010491479913,14.0,1005.0,0.0,0.0,0.05418684827461842
"0.50,0.50",anony,5,,te,ms#0.25,-1,n,0.5,ms,hdbscan,50,email,"te#5,50,5",0.5,0.25,hdbscan#min,adm,5,0.0,0.06836365436499099,0.022579300180439785,0.022579300180439785,14.0,1005.0,0.0,0.0,0.05443330610628452
"0.50,0.50",anony,5,,te,ms#0.25,-1,n,0.5,ms,km,50,email,"te#5,50,5",0.5,0.25,km#max,adm,5,0.0,0.05250955598694518,0.025208569435088143,0.025208569435088143,8.0,1005.0,0.0,0.0,0.04454935698197005
"0.50,0.50",anony,5,,te,ms#0.25,-1,n,0.5,ms,km,50,email,"te#5,50,5",0.5,0.25,km#mean,adm,5,0.0,0.08750936150802491,0.016617754401947515,0.016617754401947515,68.0,1005.0,0.0,0.0,0.01984766996573635
"0.50,0.50",anony,5,,te,ms#0.25,-1,n,0.5,ms,km,50,email,"te#5,50,5",0.5,0.25,km#min,adm,5,0.0,0.08979608001216376,0.017530163815044384,0.017530163815044384,69.0,1005.0,0.0,0.0,0.021139363594253315
"0.50,0.50",anony,5,,te,ms#0.25,-1,n,0.5,ms,vac,50,email,"te#5,50,5",0.5,0.25,vac,adm,5,0.0,0.05296290402995682,0.012271470589550004,0.012271470589550004,30.0,1005.0,0.0,0.0,0.0231121577613001
"0.50,0.50",anony,5,,te,ms#0.50,-1,n,0.5,ms,hdbscan,50,email,"te#5,50,5",0.5,0.5,hdbscan#max,adm,5,0.0,0.08163705283108266,0.03454359395901686,0.03454359395901686,0.0,1005.0,0.0,0.0,0.08163705283108266
"0.50,0.50",anony,5,,te,ms#0.50,-1,n,0.5,ms,hdbscan,50,email,"te#5,50,5",0.5,0.5,hdbscan#mean,adm,5,0.0,0.05943491497735207,0.02503415353202703,0.02503415353202703,0.0,1005.0,0.0,0.0,0.05943491497735207
"0.50,0.50",anony,5,,te,ms#0.50,-1,n,0.5,ms,hdbscan,50,email,"te#5,50,5",0.5,0.5,hdbscan#min,adm,5,0.0,0.05843465685078516,0.02476553564684391,0.02476553564684391,0.0,1005.0,0.0,0.0,0.05843465685078516
"0.50,0.50",anony,5,,te,ms#0.50,-1,n,0.5,ms,km,50,email,"te#5,50,5",0.5,0.5,km#max,adm,5,0.0,0.04562433037371772,0.025377091400440584,0.025377091400440584,1.0,1005.0,0.0,0.0,0.04462930549809583
"0.50,0.50",anony,5,,te,ms#0.50,-1,n,0.5,ms,km,50,email,"te#5,50,5",0.5,0.5,km#mean,adm,5,0.0,0.05221157892131385,0.02967686879660302,0.02967686879660302,8.0,1005.0,0.0,0.0,0.04425137991633872
"0.50,0.50",anony,5,,te,ms#0.50,-1,n,0.5,ms,km,50,email,"te#5,50,5",0.5,0.5,km#min,adm,5,0.0,0.048246365896176535,0.02827748664488847,0.02827748664488847,8.0,1005.0,0.0,0.0,0.040286166891201416
"0.50,0.50",anony,5,,te,ms#0.50,-1,n,0.5,ms,vac,50,email,"te#5,50,5",0.5,0.5,vac,adm,5,0.0,0.03886251047534183,0.01312095929457236,0.01312095929457236,8.0,1005.0,0.0,0.0,0.030902311470366713
"0.50,0.50",anony,5,,te,ms#0.75,-1,n,0.5,ms,hdbscan,50,email,"te#5,50,5",0.5,0.75,hdbscan#max,adm,5,0.0,0.09767767417355308,0.038060949684568274,0.038060949684568274,0.0,1005.0,0.0,0.0,0.09767767417355308
"0.50,0.50",anony,5,,te,ms#0.75,-1,n,0.5,ms,hdbscan,50,email,"te#5,50,5",0.5,0.75,hdbscan#mean,adm,5,0.0,0.05931359549091785,0.024337707044410867,0.024337707044410867,0.0,1005.0,0.0,0.0,0.05931359549091785
"0.50,0.50",anony,5,,te,ms#0.75,-1,n,0.5,ms,hdbscan,50,email,"te#5,50,5",0.5,0.75,hdbscan#min,adm,5,0.0,0.060108802115930685,0.02513518128096945,0.02513518128096945,0.0,1005.0,0.0,0.0,0.060108802115930685
"0.50,0.50",anony,5,,te,ms#0.75,-1,n,0.5,ms,km,50,email,"te#5,50,5",0.5,0.75,km#max,adm,5,0.0,0.04908350924835668,0.02757741686572592,0.02757741686572592,1.0,1005.0,0.0,0.0,0.0480884843727348
"0.50,0.50",anony,5,,te,ms#0.75,-1,n,0.5,ms,km,50,email,"te#5,50,5",0.5,0.75,km#mean,adm,5,0.0,0.049582648237137004,0.03192399487858584,0.03192399487858584,1.0,1005.0,0.0,0.0,0.04858762336151512
"0.50,0.50",anony,5,,te,ms#0.75,-1,n,0.5,ms,km,50,email,"te#5,50,5",0.5,0.75,km#min,adm,5,0.0,0.04853278030600376,0.02936173600676447,0.02936173600676447,1.0,1005.0,0.0,0.0,0.04753775543038186
"0.50,0.50",anony,5,,te,ms#0.75,-1,n,0.5,ms,vac,50,email,"te#5,50,5",0.5,0.75,vac,adm,5,0.0,0.03789252034072706,0.013200862468674355,0.013200862468674355,6.0,1005.0,0.0,0.0,0.03192237108699572
"0.50,0.50",anony,5,,te,ms#1.00,-1,n,0.5,ms,hdbscan,50,email,"te#5,50,5",0.5,1.0,hdbscan#max,adm,5,0.0,0.08444681355129115,0.03770842461691496,0.03770842461691496,0.0,1005.0,0.0,0.0,0.08444681355129115
"0.50,0.50",anony,5,,te,ms#1.00,-1,n,0.5,ms,hdbscan,50,email,"te#5,50,5",0.5,1.0,hdbscan#mean,adm,5,0.0,0.060910691743839465,0.026206263062810476,0.026206263062810476,0.0,1005.0,0.0,0.0,0.060910691743839465
"0.50,0.50",anony,5,,te,ms#1.00,-1,n,0.5,ms,hdbscan,50,email,"te#5,50,5",0.5,1.0,hdbscan#min,adm,5,0.0,0.06091751618595015,0.02369502915727221,0.02369502915727221,0.0,1005.0,0.0,0.0,0.06091751618595015
"0.50,0.50",anony,5,,te,ms#1.00,-1,n,0.5,ms,km,50,email,"te#5,50,5",0.5,1.0,km#max,adm,5,0.0,0.056223290088293416,0.027859322860516945,0.027859322860516945,0.0,1005.0,0.0,0.0,0.056223290088293416
"0.50,0.50",anony,5,,te,ms#1.00,-1,n,0.5,ms,km,50,email,"te#5,50,5",0.5,1.0,km#mean,adm,5,0.0,0.04885961097143991,0.031339068467695776,0.031339068467695776,1.0,1005.0,0.0,0.0,0.04786458609581802
"0.50,0.50",anony,5,,te,ms#1.00,-1,n,0.5,ms,km,50,email,"te#5,50,5",0.5,1.0,km#min,adm,5,0.0,0.04924340628060834,0.03032501412538718,0.03032501412538718,0.0,1005.0,0.0,0.0,0.04924340628060834
"0.50,0.50",anony,5,,te,ms#1.00,-1,n,0.5,ms,vac,50,email,"te#5,50,5",0.5,1.0,vac,adm,5,0.0,0.03789252034072706,0.013200862468674355,0.013200862468674355,6.0,1005.0,0.0,0.0,0.03192237108699572
"0.50,0.50",anony,5,,te,sr,-1,n,0.5,sr,hdbscan,50,email,"te#5,50,5",0.5,,hdbscan#max,adm,5,0.0,0.3734656850785186,0.1820149658580228,0.1820149658580228,0.0,1005.0,0.0,7.0,0.3734656850785186
"0.50,0.50",anony,5,,te,sr,-1,n,0.5,sr,hdbscan,50,email,"te#5,50,5",0.5,,hdbscan#mean,adm,5,0.0,0.22118918555764175,0.024933784295524945,0.024933784295524945,106.0,1005.0,0.0,18.0,0.11571654874172135
"0.50,0.50",anony,5,,te,sr,-1,n,0.5,sr,hdbscan,50,email,"te#5,50,5",0.5,,hdbscan#min,adm,5,0.0,0.22118918555764175,0.024933784295524945,0.024933784295524945,106.0,1005.0,0.0,18.0,0.11571654874172135
"0.50,0.50",anony,5,,te,sr,-1,n,0.5,sr,km,50,email,"te#5,50,5",0.5,,km#max,adm,5,0.0,0.1461289501320688,0.12400654870350515,0.12400654870350515,8.0,1005.0,0.0,17.0,0.13816875112709368
"0.50,0.50",anony,5,,te,sr,-1,n,0.5,sr,km,50,email,"te#5,50,5",0.5,,km#mean,adm,5,0.0,0.3664941461845004,0.003475013368689175,0.003475013368689175,366.0,1005.0,0.0,23.0,0.002315041706888444
"0.50,0.50",anony,5,,te,sr,-1,n,0.5,sr,km,50,email,"te#5,50,5",0.5,,km#min,adm,5,0.0,0.41896636221875705,0.0033672676158209487,0.0033672676158209487,419.0,1005.0,0.0,20.0,0.002050939333184822
"0.50,0.50",anony,5,,te,sr,-1,n,0.5,sr,vac,50,email,"te#5,50,5",0.5,,vac,adm,5,0.0,0.05296290402995682,0.012271470589550004,0.012271470589550004,30.0,1005.0,0.0,0.0,0.0231121577613001
