range_k,calgo_str,enforcer_str,gen,info_loss,handler_str,max_k,alpha_adm,info_loss_args_str,gen_str,anony_mode,min_k,data,max_dist,alpha_dm,sample,enforcer,za,calgo,gen_n,adm,dm,am,removed_entities,num_raw_entities,is_invalid_anonymity_clusters,num_big_clusters,radm
1,hdbscan#max,kp#0,te,adm,n,5,0.5,"0.50,0.50","te#2,5,1",anony,2,yago,0.0,0.5,-1,kp,,hdbscan,0.0,0.0018621182108355028,0.001830528646923198,0.001830528646923198,0.0,8917.0,0.0,1707.0,0.0018621182108355028
1,hdbscan#max,kp#0,zipf,adm,n,5,0.5,"0.50,0.50","zipf#2,5,1,2",anony,2,yago,0.0,0.5,-1,kp,2.0,hdbscan,1.0,0.0018576260292635712,0.0018264276009330265,0.0018264276009330265,0.0,8917.0,0.0,237.33333333333334,0.0018576260292635712
1,hdbscan#max,kp#0.25,te,adm,n,5,0.5,"0.50,0.50","te#2,5,1",anony,2,yago,0.25,0.5,-1,kp,,hdbscan,0.0,0.0018474251844348385,0.0018160042976998305,0.0018160042976998305,0.0,8917.0,0.0,1707.0,0.0018474251844348385
1,hdbscan#max,kp#0.25,zipf,adm,n,5,0.5,"0.50,0.50","zipf#2,5,1,2",anony,2,yago,0.25,0.5,-1,kp,2.0,hdbscan,1.0,0.00185473839606026,0.001823447221624497,0.001823447221624497,0.0,8917.0,0.0,222.66666666666666,0.00185473839606026
1,hdbscan#max,kp#0.50,te,adm,n,5,0.5,"0.50,0.50","te#2,5,1",anony,2,yago,0.5,0.5,-1,kp,,hdbscan,0.0,0.0018535949585997914,0.0018217429919777117,0.0018217429919777117,0.0,8917.0,0.0,1707.0,0.0018535949585997914
1,hdbscan#max,kp#0.50,zipf,adm,n,5,0.5,"0.50,0.50","zipf#2,5,1,2",anony,2,yago,0.5,0.5,-1,kp,2.0,hdbscan,1.0,0.001848687152674256,0.0018175105120428947,0.0018175105120428947,0.0,8917.0,0.0,221.0,0.001848687152674256
1,hdbscan#max,kp#0.75,te,adm,n,5,0.5,"0.50,0.50","te#2,5,1",anony,2,yago,0.75,0.5,-1,kp,,hdbscan,0.0,0.0018570687065319188,0.0018264031544877914,0.0018264031544877914,0.0,8917.0,0.0,1707.0,0.0018570687065319188
1,hdbscan#max,kp#0.75,zipf,adm,n,5,0.5,"0.50,0.50","zipf#2,5,1,2",anony,2,yago,0.75,0.5,-1,kp,2.0,hdbscan,1.0,0.0018495830870590346,0.00181810695746947,0.00181810695746947,0.0,8917.0,0.0,232.0,0.0018495830870590346
1,hdbscan#max,kp#1.00,te,adm,n,5,0.5,"0.50,0.50","te#2,5,1",anony,2,yago,1.0,0.5,-1,kp,,hdbscan,0.0,0.0018451013360768062,0.001813835035588372,0.001813835035588372,0.0,8917.0,0.0,1707.0,0.0018451013360768062
1,hdbscan#max,kp#1.00,zipf,adm,n,5,0.5,"0.50,0.50","zipf#2,5,1,2",anony,2,yago,1.0,0.5,-1,kp,2.0,hdbscan,1.0,0.0018515459117323392,0.0018202121054235118,0.0018202121054235118,0.0,8917.0,0.0,233.0,0.0018515459117323392
1,hdbscan#max,ms#0,te,adm,n,5,0.5,"0.50,0.50","te#2,5,1",anony,2,yago,0.0,0.5,-1,ms,,hdbscan,0.0,0.0008216509148313896,0.0006842673336906195,0.0006842673336906195,0.0,8917.0,0.0,0.0,0.0008216509148313896
1,hdbscan#max,ms#0,zipf,adm,n,5,0.5,"0.50,0.50","zipf#2,5,1,2",anony,2,yago,0.0,0.5,-1,ms,2.0,hdbscan,1.0,0.001659495371243694,0.0015319814728524293,0.0015319814728524293,0.0,8917.0,0.0,0.0,0.001659495371243694
1,hdbscan#max,ms#0.25,te,adm,n,5,0.5,"0.50,0.50","te#2,5,1",anony,2,yago,0.25,0.5,-1,ms,,hdbscan,0.0,0.0008269460920555764,0.0006882161693978622,0.0006882161693978622,0.0,8917.0,0.0,0.0,0.0008269460920555764
1,hdbscan#max,ms#0.25,zipf,adm,n,5,0.5,"0.50,0.50","zipf#2,5,1,2",anony,2,yago,0.25,0.5,-1,ms,2.0,hdbscan,1.0,0.0016483399461756035,0.0015230294745928515,0.0015230294745928515,0.0,8917.0,0.0,0.0,0.0016483399461756035
1,hdbscan#max,ms#0.50,te,adm,n,5,0.5,"0.50,0.50","te#2,5,1",anony,2,yago,0.5,0.5,-1,ms,,hdbscan,0.0,0.0008226317750856288,0.0006854641437436464,0.0006854641437436464,0.0,8917.0,0.0,0.0,0.0008226317750856288
1,hdbscan#max,ms#0.50,zipf,adm,n,5,0.5,"0.50,0.50","zipf#2,5,1,2",anony,2,yago,0.5,0.5,-1,ms,2.0,hdbscan,1.0,0.0016805440491449563,0.001536586961107516,0.001536586961107516,0.0,8917.0,0.0,0.0,0.0016805440491449563
1,hdbscan#max,ms#0.75,te,adm,n,5,0.5,"0.50,0.50","te#2,5,1",anony,2,yago,0.75,0.5,-1,ms,,hdbscan,0.0,0.0008207919694531179,0.0006838162566002198,0.0006838162566002198,0.0,8917.0,0.0,0.0,0.0008207919694531179
1,hdbscan#max,ms#0.75,zipf,adm,n,5,0.5,"0.50,0.50","zipf#2,5,1,2",anony,2,yago,0.75,0.5,-1,ms,2.0,hdbscan,1.0,0.0016617414207075378,0.001538290914828715,0.001538290914828715,0.0,8917.0,0.0,0.0,0.0016617414207075378
1,hdbscan#max,ms#1.00,te,adm,n,5,0.5,"0.50,0.50","te#2,5,1",anony,2,yago,1.0,0.5,-1,ms,,hdbscan,0.0,0.0008201484721843432,0.0006814722177170467,0.0006814722177170467,0.0,8917.0,0.0,0.0,0.0008201484721843432
1,hdbscan#max,ms#1.00,zipf,adm,n,5,0.5,"0.50,0.50","zipf#2,5,1,2",anony,2,yago,1.0,0.5,-1,ms,2.0,hdbscan,1.0,0.0016658817350879518,0.0015452569366840238,0.0015452569366840238,0.0,8917.0,0.0,0.0,0.0016658817350879518
1,hdbscan#max,sr,te,adm,n,5,0.5,"0.50,0.50","te#2,5,1",anony,2,yago,,0.5,-1,sr,,hdbscan,0.0,0.35447413876973743,0.0044757578592937945,0.0044757578592937945,0.0,8917.0,0.0,225.0,0.35447413876973743
1,hdbscan#max,sr,zipf,adm,n,5,0.5,"0.50,0.50","zipf#2,5,1,2",anony,2,yago,,0.5,-1,sr,2.0,hdbscan,1.0,0.35447413876973743,0.0044757578592937945,0.0044757578592937945,0.0,8917.0,0.0,135.33333333333334,0.35447413876973743
1,hdbscan#mean,kp#0,te,adm,n,5,0.5,"0.50,0.50","te#2,5,1",anony,2,yago,0.0,0.5,-1,kp,,hdbscan,0.0,0.1633222817814405,0.0019174449832334629,0.0019174449832334629,1442.0,8917.0,0.0,1417.0,0.001608700980722759
1,hdbscan#mean,kp#0,zipf,adm,n,5,0.5,"0.50,0.50","zipf#2,5,1,2",anony,2,yago,0.0,0.5,-1,kp,2.0,hdbscan,1.0,0.16331766320892532,0.0019119766015466358,0.0019119766015466358,1442.0,8917.0,0.0,194.0,0.0016040824082075977
1,hdbscan#mean,kp#0.25,te,adm,n,5,0.5,"0.50,0.50","te#2,5,1",anony,2,yago,0.25,0.5,-1,kp,,hdbscan,0.0,0.001940601309052501,0.0018929325441815695,0.0018929325441815695,0.0,8917.0,0.0,1685.0,0.001940601309052501
1,hdbscan#mean,kp#0.25,zipf,adm,n,5,0.5,"0.50,0.50","zipf#2,5,1,2",anony,2,yago,0.25,0.5,-1,kp,2.0,hdbscan,1.0,0.0019476967893304815,0.001900520692424547,0.001900520692424547,0.0,8917.0,0.0,240.0,0.0019476967893304815
1,hdbscan#mean,kp#0.50,te,adm,n,5,0.5,"0.50,0.50","te#2,5,1",anony,2,yago,0.5,0.5,-1,kp,,hdbscan,0.0,0.00194735799491309,0.0019006305928876105,0.0019006305928876105,0.0,8917.0,0.0,1685.0,0.00194735799491309
1,hdbscan#mean,kp#0.50,zipf,adm,n,5,0.5,"0.50,0.50","zipf#2,5,1,2",anony,2,yago,0.5,0.5,-1,kp,2.0,hdbscan,1.0,0.0019436529759082916,0.0018960431566984624,0.0018960431566984624,0.0,8917.0,0.0,248.0,0.0019436529759082916
1,hdbscan#mean,kp#0.75,te,adm,n,5,0.5,"0.50,0.50","te#2,5,1",anony,2,yago,0.75,0.5,-1,kp,,hdbscan,0.0,0.001943887605529347,0.0018966218997432268,0.0018966218997432268,0.0,8917.0,0.0,1685.0,0.001943887605529347
1,hdbscan#mean,kp#0.75,zipf,adm,n,5,0.5,"0.50,0.50","zipf#2,5,1,2",anony,2,yago,0.75,0.5,-1,kp,2.0,hdbscan,1.0,0.0019381518010360768,0.0018904975669908456,0.0018904975669908456,0.0,8917.0,0.0,238.66666666666666,0.0019381518010360768
1,hdbscan#mean,kp#1.00,te,adm,n,5,0.5,"0.50,0.50","te#2,5,1",anony,2,yago,1.0,0.5,-1,kp,,hdbscan,0.0,0.0019528694212134412,0.0019060775480465731,0.0019060775480465731,0.0,8917.0,0.0,1685.0,0.0019528694212134412
1,hdbscan#mean,kp#1.00,zipf,adm,n,5,0.5,"0.50,0.50","zipf#2,5,1,2",anony,2,yago,1.0,0.5,-1,kp,2.0,hdbscan,1.0,0.0019486321986582258,0.0019017648751195628,0.0019017648751195628,0.0,8917.0,0.0,246.33333333333334,0.0019486321986582258
1,hdbscan#mean,ms#0,te,adm,n,5,0.5,"0.50,0.50","te#2,5,1",anony,2,yago,0.0,0.5,-1,ms,,hdbscan,0.0,0.0007705332095576284,0.0006745766621517433,0.0006745766621517433,0.0,8917.0,0.0,0.0,0.0007705332095576284
1,hdbscan#mean,ms#0,zipf,adm,n,5,0.5,"0.50,0.50","zipf#2,5,1,2",anony,2,yago,0.0,0.5,-1,ms,2.0,hdbscan,1.0,0.07470866392175957,0.0014581986027586442,0.0014581986027586442,652.6666666666666,8917.0,0.0,0.0,0.0015151384460764163
1,hdbscan#mean,ms#0.25,te,adm,n,5,0.5,"0.50,0.50","te#2,5,1",anony,2,yago,0.25,0.5,-1,ms,,hdbscan,0.0,0.0007659797759793584,0.0006712458699166807,0.0006712458699166807,0.0,8917.0,0.0,0.0,0.0007659797759793584
1,hdbscan#mean,ms#0.25,zipf,adm,n,5,0.5,"0.50,0.50","zipf#2,5,1,2",anony,2,yago,0.25,0.5,-1,ms,2.0,hdbscan,1.0,0.0016572389916103432,0.0015224972955908726,0.0015224972955908726,0.0,8917.0,0.0,0.0,0.0016572389916103432
1,hdbscan#mean,ms#0.50,te,adm,n,5,0.5,"0.50,0.50","te#2,5,1",anony,2,yago,0.5,0.5,-1,ms,,hdbscan,0.0,0.0007673497088367618,0.0006724487928161054,0.0006724487928161054,0.0,8917.0,0.0,0.0,0.0007673497088367618
1,hdbscan#mean,ms#0.50,zipf,adm,n,5,0.5,"0.50,0.50","zipf#2,5,1,2",anony,2,yago,0.5,0.5,-1,ms,2.0,hdbscan,1.0,0.0016645838836684109,0.0015292834337219169,0.0015292834337219169,0.0,8917.0,0.0,0.0,0.0016645838836684109
1,hdbscan#mean,ms#0.75,te,adm,n,5,0.5,"0.50,0.50","te#2,5,1",anony,2,yago,0.75,0.5,-1,ms,,hdbscan,0.0,0.0007666148385163661,0.0006716777700173389,0.0006716777700173389,0.0,8917.0,0.0,0.0,0.0007666148385163661
1,hdbscan#mean,ms#0.75,zipf,adm,n,5,0.5,"0.50,0.50","zipf#2,5,1,2",anony,2,yago,0.75,0.5,-1,ms,2.0,hdbscan,1.0,0.0016634015826943367,0.0015250509391376687,0.0015250509391376687,0.0,8917.0,0.0,0.0,0.0016634015826943367
1,hdbscan#mean,ms#1.00,te,adm,n,5,0.5,"0.50,0.50","te#2,5,1",anony,2,yago,1.0,0.5,-1,ms,,hdbscan,0.0,0.0007656153390809834,0.0006706628238374069,0.0006706628238374069,0.0,8917.0,0.0,0.0,0.0007656153390809834
1,hdbscan#mean,ms#1.00,zipf,adm,n,5,0.5,"0.50,0.50","zipf#2,5,1,2",anony,2,yago,1.0,0.5,-1,ms,2.0,hdbscan,1.0,0.0016642322115968135,0.0015289524943130498,0.0015289524943130498,0.0,8917.0,0.0,0.0,0.0016642322115968135
1,hdbscan#mean,sr,te,adm,n,5,0.5,"0.50,0.50","te#2,5,1",anony,2,yago,,0.5,-1,sr,,hdbscan,0.0,0.27019789537076355,0.0016827937568399183,0.0016827937568399183,0.0,8917.0,0.0,338.0,0.27019789537076355
1,hdbscan#mean,sr,zipf,adm,n,5,0.5,"0.50,0.50","zipf#2,5,1,2",anony,2,yago,,0.5,-1,sr,2.0,hdbscan,1.0,0.34334692523138816,0.0022522706409611845,0.0022522706409611845,652.6666666666666,8917.0,0.0,145.0,0.27015339975570507
1,hdbscan#min,kp#0,te,adm,n,5,0.5,"0.50,0.50","te#2,5,1",anony,2,yago,0.0,0.5,-1,kp,,hdbscan,0.0,0.16332832577547948,0.001925175088276623,0.001925175088276623,1442.0,8917.0,0.0,1417.0,0.001614744974761751
1,hdbscan#min,kp#0,zipf,adm,n,5,0.5,"0.50,0.50","zipf#2,5,1,2",anony,2,yago,0.0,0.5,-1,kp,2.0,hdbscan,1.0,0.1633203522534533,0.0019152885324843912,0.0019152885324843912,1442.0,8917.0,0.0,202.33333333333334,0.0016067714527355649
1,hdbscan#min,kp#0.25,te,adm,n,5,0.5,"0.50,0.50","te#2,5,1",anony,2,yago,0.25,0.5,-1,kp,,hdbscan,0.0,0.001948750572398406,0.0019021072613417786,0.0019021072613417786,0.0,8917.0,0.0,1685.0,0.001948750572398406
1,hdbscan#min,kp#0.25,zipf,adm,n,5,0.5,"0.50,0.50","zipf#2,5,1,2",anony,2,yago,0.25,0.5,-1,kp,2.0,hdbscan,1.0,0.0019472383794073523,0.0019000670822844725,0.0019000670822844725,0.0,8917.0,0.0,242.33333333333334,0.0019472383794073523
1,hdbscan#min,kp#0.50,te,adm,n,5,0.5,"0.50,0.50","te#2,5,1",anony,2,yago,0.5,0.5,-1,kp,,hdbscan,0.0,0.0019441824687001861,0.0018970199307506471,0.0018970199307506471,0.0,8917.0,0.0,1685.0,0.0019441824687001861
1,hdbscan#min,kp#0.50,zipf,adm,n,5,0.5,"0.50,0.50","zipf#2,5,1,2",anony,2,yago,0.5,0.5,-1,kp,2.0,hdbscan,1.0,0.0019447284483767356,0.0018976887517699393,0.0018976887517699393,0.0,8917.0,0.0,257.3333333333333,0.0019447284483767356
1,hdbscan#min,kp#0.75,te,adm,n,5,0.5,"0.50,0.50","te#2,5,1",anony,2,yago,0.75,0.5,-1,kp,,hdbscan,0.0,0.0019458386256960847,0.0018990729178582945,0.0018990729178582945,0.0,8917.0,0.0,1685.0,0.0019458386256960847
1,hdbscan#min,kp#0.75,zipf,adm,n,5,0.5,"0.50,0.50","zipf#2,5,1,2",anony,2,yago,0.75,0.5,-1,kp,2.0,hdbscan,1.0,0.0019437704229946578,0.0018964656753704555,0.0018964656753704555,0.0,8917.0,0.0,238.0,0.0019437704229946578
1,hdbscan#min,kp#1.00,te,adm,n,5,0.5,"0.50,0.50","te#2,5,1",anony,2,yago,1.0,0.5,-1,kp,,hdbscan,0.0,0.0019389629029096967,0.0018923339776128383,0.0018923339776128383,0.0,8917.0,0.0,1685.0,0.0019389629029096967
1,hdbscan#min,kp#1.00,zipf,adm,n,5,0.5,"0.50,0.50","zipf#2,5,1,2",anony,2,yago,1.0,0.5,-1,kp,2.0,hdbscan,1.0,0.0019446315183521818,0.0018972942517879812,0.0018972942517879812,0.0,8917.0,0.0,250.0,0.0019446315183521818
1,hdbscan#min,ms#0,te,adm,n,5,0.5,"0.50,0.50","te#2,5,1",anony,2,yago,0.0,0.5,-1,ms,,hdbscan,0.0,0.0007667394671975654,0.0006715479308264062,0.0006715479308264062,0.0,8917.0,0.0,0.0,0.0007667394671975654
1,hdbscan#min,ms#0,zipf,adm,n,5,0.5,"0.50,0.50","zipf#2,5,1,2",anony,2,yago,0.0,0.5,-1,ms,2.0,hdbscan,1.0,0.07471136286051294,0.001465043340988588,0.001465043340988588,652.6666666666666,8917.0,0.0,0.0,0.0015178373848297975
1,hdbscan#min,ms#0.25,te,adm,n,5,0.5,"0.50,0.50","te#2,5,1",anony,2,yago,0.25,0.5,-1,ms,,hdbscan,0.0,0.0007636722047508339,0.0006693055951504826,0.0006693055951504826,0.0,8917.0,0.0,0.0,0.0007636722047508339
1,hdbscan#min,ms#0.25,zipf,adm,n,5,0.5,"0.50,0.50","zipf#2,5,1,2",anony,2,yago,0.25,0.5,-1,ms,2.0,hdbscan,1.0,0.0016579826352326327,0.0015195597993961233,0.0015195597993961233,0.0,8917.0,0.0,0.0,0.0016579826352326327
1,hdbscan#min,ms#0.50,te,adm,n,5,0.5,"0.50,0.50","te#2,5,1",anony,2,yago,0.5,0.5,-1,ms,,hdbscan,0.0,0.0007675321459670814,0.0006722901744126999,0.0006722901744126999,0.0,8917.0,0.0,0.0,0.0007675321459670814
1,hdbscan#min,ms#0.50,zipf,adm,n,5,0.5,"0.50,0.50","zipf#2,5,1,2",anony,2,yago,0.5,0.5,-1,ms,2.0,hdbscan,1.0,0.0016596847655087508,0.0015226894287740475,0.0015226894287740475,0.0,8917.0,0.0,0.0,0.0016596847655087508
1,hdbscan#min,ms#0.75,te,adm,n,5,0.5,"0.50,0.50","te#2,5,1",anony,2,yago,0.75,0.5,-1,ms,,hdbscan,0.0,0.0007646266421995467,0.0006697219515596754,0.0006697219515596754,0.0,8917.0,0.0,0.0,0.0007646266421995467
1,hdbscan#min,ms#0.75,zipf,adm,n,5,0.5,"0.50,0.50","zipf#2,5,1,2",anony,2,yago,0.75,0.5,-1,ms,2.0,hdbscan,1.0,0.0016550382338229783,0.001518295949496001,0.001518295949496001,0.0,8917.0,0.0,0.0,0.0016550382338229783
1,hdbscan#min,ms#1.00,te,adm,n,5,0.5,"0.50,0.50","te#2,5,1",anony,2,yago,1.0,0.5,-1,ms,,hdbscan,0.0,0.0007640924204684083,0.0006697620149478476,0.0006697620149478476,0.0,8917.0,0.0,0.0,0.0007640924204684083
1,hdbscan#min,ms#1.00,zipf,adm,n,5,0.5,"0.50,0.50","zipf#2,5,1,2",anony,2,yago,1.0,0.5,-1,ms,2.0,hdbscan,1.0,0.0016600627022387829,0.0015256940443380213,0.0015256940443380213,0.0,8917.0,0.0,0.0,0.0016600627022387829
1,hdbscan#min,sr,te,adm,n,5,0.5,"0.50,0.50","te#2,5,1",anony,2,yago,,0.5,-1,sr,,hdbscan,0.0,0.27019789537076355,0.0016827937568399183,0.0016827937568399183,0.0,8917.0,0.0,338.0,0.27019789537076355
1,hdbscan#min,sr,zipf,adm,n,5,0.5,"0.50,0.50","zipf#2,5,1,2",anony,2,yago,,0.5,-1,sr,2.0,hdbscan,1.0,0.34334692523138827,0.0022522706409611845,0.0022522706409611845,652.6666666666666,8917.0,0.0,145.0,0.27015339975570507
1,km#max,kp#0,te,adm,n,5,0.5,"0.50,0.50","te#2,5,1",anony,2,yago,0.0,0.5,-1,kp,,km,0.0,0.22302849079748807,0.0012201163643750096,0.0012201163643750096,1980.0,8917.0,0.0,1337.0,0.000980716882494243
1,km#max,kp#0,zipf,adm,n,5,0.5,"0.50,0.50","zipf#2,5,1,2",anony,2,yago,0.0,0.5,-1,kp,2.0,km,1.0,0.2123481579057627,0.001213738158280244,0.001213738158280244,1884.6666666666667,8917.0,0.0,169.0,0.0009915731051944867
1,km#max,kp#0.25,te,adm,n,5,0.5,"0.50,0.50","te#2,5,1",anony,2,yago,0.25,0.5,-1,kp,,km,0.0,0.0023753090112469694,0.0017058331775606462,0.0017058331775606462,5.0,8917.0,0.0,1723.0,0.0018145823094414294
1,km#max,kp#0.25,zipf,adm,n,5,0.5,"0.50,0.50","zipf#2,5,1,2",anony,2,yago,0.25,0.5,-1,kp,2.0,km,1.0,0.0023602865880573616,0.0016939763196485759,0.0016939763196485759,5.0,8917.0,0.0,216.33333333333334,0.0017995598862518218
1,km#max,kp#0.50,te,adm,n,5,0.5,"0.50,0.50","te#2,5,1",anony,2,yago,0.5,0.5,-1,kp,,km,0.0,0.001961116280918786,0.0017405100480568324,0.0017405100480568324,1.0,8917.0,0.0,1727.0,0.0018489709405576777
1,km#max,kp#0.50,zipf,adm,n,5,0.5,"0.50,0.50","zipf#2,5,1,2",anony,2,yago,0.5,0.5,-1,kp,2.0,km,1.0,0.0019478267806343954,0.0017267266852370531,0.0017267266852370531,1.0,8917.0,0.0,224.66666666666666,0.0018356814402732877
1,km#max,kp#0.75,te,adm,n,5,0.5,"0.50,0.50","te#2,5,1",anony,2,yago,0.75,0.5,-1,kp,,km,0.0,0.001870363574557479,0.0017600299279365277,0.0017600299279365277,0.0,8917.0,0.0,1726.0,0.001870363574557479
1,km#max,kp#0.75,zipf,adm,n,5,0.5,"0.50,0.50","zipf#2,5,1,2",anony,2,yago,0.75,0.5,-1,kp,2.0,km,1.0,0.0018533329213017563,0.0017417703223675304,0.0017417703223675304,0.0,8917.0,0.0,218.0,0.0018533329213017563
1,km#max,kp#1.00,te,adm,n,5,0.5,"0.50,0.50","te#2,5,1",anony,2,yago,1.0,0.5,-1,kp,,km,0.0,0.0018687051335692496,0.0017605414601481967,0.0017605414601481967,0.0,8917.0,0.0,1726.0,0.0018687051335692496
1,km#max,kp#1.00,zipf,adm,n,5,0.5,"0.50,0.50","zipf#2,5,1,2",anony,2,yago,1.0,0.5,-1,kp,2.0,km,1.0,0.0018470184060059335,0.0017371440928706672,0.0017371440928706672,0.0,8917.0,0.0,219.33333333333334,0.0018470184060059335
1,km#max,ms#0,te,adm,n,5,0.5,"0.50,0.50","te#2,5,1",anony,2,yago,0.0,0.5,-1,ms,,km,0.0,0.16020720872856745,0.0003325062957516516,0.0003325062957516516,1426.0,8917.0,0.0,0.0,0.00028795337362743327
1,km#max,ms#0,zipf,adm,n,5,0.5,"0.50,0.50","zipf#2,5,1,2",anony,2,yago,0.0,0.5,-1,ms,2.0,km,1.0,0.18774938003875108,0.0010174643356551168,0.0010174643356551168,1666.0,8917.0,0.0,0.0,0.0009152429971451683
1,km#max,ms#0.25,te,adm,n,5,0.5,"0.50,0.50","te#2,5,1",anony,2,yago,0.25,0.5,-1,ms,,km,0.0,0.0009341831305501941,0.0004573154384645869,0.0004573154384645869,4.0,8917.0,0.0,0.0,0.0004856017691057621
1,km#max,ms#0.25,zipf,adm,n,5,0.5,"0.50,0.50","zipf#2,5,1,2",anony,2,yago,0.25,0.5,-1,ms,2.0,km,1.0,0.002105202002028347,0.0013931971338913905,0.0013931971338913905,5.0,8917.0,0.0,0.0,0.0015444753002228067
1,km#max,ms#0.50,te,adm,n,5,0.5,"0.50,0.50","te#2,5,1",anony,2,yago,0.5,0.5,-1,ms,,km,0.0,0.000604429499805688,0.0004618166561535454,0.0004618166561535454,1.0,8917.0,0.0,0.0,0.0004922841594445801
1,km#max,ms#0.50,zipf,adm,n,5,0.5,"0.50,0.50","zipf#2,5,1,2",anony,2,yago,0.5,0.5,-1,ms,2.0,km,1.0,0.0016730502842444127,0.0014005890276780335,0.0014005890276780335,1.0,8917.0,0.0,0.0,0.0015609049438833047
1,km#max,ms#0.75,te,adm,n,5,0.5,"0.50,0.50","te#2,5,1",anony,2,yago,0.75,0.5,-1,ms,,km,0.0,0.0005181426129828219,0.00047137112894400727,0.00047137112894400727,0.0,8917.0,0.0,0.0,0.0005181426129828219
1,km#max,ms#0.75,zipf,adm,n,5,0.5,"0.50,0.50","zipf#2,5,1,2",anony,2,yago,0.75,0.5,-1,ms,2.0,km,1.0,0.0015751357158422744,0.0014128447138541135,0.0014128447138541135,0.0,8917.0,0.0,0.0,0.0015751357158422744
1,km#max,ms#1.00,te,adm,n,5,0.5,"0.50,0.50","te#2,5,1",anony,2,yago,1.0,0.5,-1,ms,,km,0.0,0.0005165792643959772,0.0004700145854066322,0.0004700145854066322,0.0,8917.0,0.0,0.0,0.0005165792643959772
1,km#max,ms#1.00,zipf,adm,n,5,0.5,"0.50,0.50","zipf#2,5,1,2",anony,2,yago,1.0,0.5,-1,ms,2.0,km,1.0,0.0015856137101598383,0.001422493967681536,0.001422493967681536,0.0,8917.0,0.0,0.0,0.0015856137101598383
1,km#max,sr,te,adm,n,5,0.5,"0.50,0.50","te#2,5,1",anony,2,yago,,0.5,-1,sr,,km,0.0,0.18827207169105412,0.0029875851487605825,0.0029875851487605825,1426.0,8917.0,0.0,171.0,0.02835281633611412
1,km#max,sr,zipf,adm,n,5,0.5,"0.50,0.50","zipf#2,5,1,2",anony,2,yago,,0.5,-1,sr,2.0,km,1.0,0.21500116742438027,0.004565083459471012,0.004565083459471012,1666.0,8917.0,0.0,107.0,0.028167030382774388
1,km#mean,kp#0,te,adm,n,5,0.5,"0.50,0.50","te#2,5,1",anony,2,yago,0.0,0.5,-1,kp,,km,0.0,0.5037832961709756,0.0006782477126891788,0.0006782477126891788,4489.0,8917.0,0.0,828.0,0.0003628632899617663
1,km#mean,kp#0,zipf,adm,n,5,0.5,"0.50,0.50","zipf#2,5,1,2",anony,2,yago,0.0,0.5,-1,kp,2.0,km,1.0,0.5077018460054525,0.0006700799374675007,0.0006700799374675007,4524.0,8917.0,0.0,114.33333333333333,0.00035632621179994983
1,km#mean,kp#0.25,te,adm,n,5,0.5,"0.50,0.50","te#2,5,1",anony,2,yago,0.25,0.5,-1,kp,,km,0.0,0.0024452971918184616,0.001769334724341706,0.001769334724341706,5.0,8917.0,0.0,1717.0,0.0018845704900129216
1,km#mean,kp#0.25,zipf,adm,n,5,0.5,"0.50,0.50","zipf#2,5,1,2",anony,2,yago,0.25,0.5,-1,kp,2.0,km,1.0,0.002442344185668881,0.001769176554315748,0.001769176554315748,5.0,8917.0,0.0,206.0,0.001881617483863341
1,km#mean,kp#0.50,te,adm,n,5,0.5,"0.50,0.50","te#2,5,1",anony,2,yago,0.5,0.5,-1,kp,,km,0.0,0.00202862619181402,0.0017887860541616761,0.0017887860541616761,1.0,8917.0,0.0,1718.0,0.001916480851452912
1,km#mean,kp#0.50,zipf,adm,n,5,0.5,"0.50,0.50","zipf#2,5,1,2",anony,2,yago,0.5,0.5,-1,kp,2.0,km,1.0,0.002017905516501064,0.0017907248873676998,0.0017907248873676998,1.0,8917.0,0.0,211.0,0.0019057601761399562
1,km#mean,kp#0.75,te,adm,n,5,0.5,"0.50,0.50","te#2,5,1",anony,2,yago,0.75,0.5,-1,kp,,km,0.0,0.00193245277928767,0.0018003091404158679,0.0018003091404158679,0.0,8917.0,0.0,1717.0,0.00193245277928767
1,km#mean,kp#0.75,zipf,adm,n,5,0.5,"0.50,0.50","zipf#2,5,1,2",anony,2,yago,0.75,0.5,-1,kp,2.0,km,1.0,0.0019217575350688628,0.0018061099716742334,0.0018061099716742334,0.0,8917.0,0.0,194.66666666666666,0.0019217575350688628
1,km#mean,kp#1.00,te,adm,n,5,0.5,"0.50,0.50","te#2,5,1",anony,2,yago,1.0,0.5,-1,kp,,km,0.0,0.001932950663377416,0.00180114275497758,0.00180114275497758,0.0,8917.0,0.0,1717.0,0.001932950663377416
1,km#mean,kp#1.00,zipf,adm,n,5,0.5,"0.50,0.50","zipf#2,5,1,2",anony,2,yago,1.0,0.5,-1,kp,2.0,km,1.0,0.0019232693748020922,0.001807097638418054,0.001807097638418054,0.0,8917.0,0.0,215.0,0.0019232693748020922
1,km#mean,ms#0,te,adm,n,5,0.5,"0.50,0.50","te#2,5,1",anony,2,yago,0.0,0.5,-1,ms,,km,0.0,0.46684914053780935,0.00017747831055101252,0.00017747831055101252,4162.0,8917.0,0.0,0.0,0.00010023395487788657
1,km#mean,ms#0,zipf,adm,n,5,0.5,"0.50,0.50","zipf#2,5,1,2",anony,2,yago,0.0,0.5,-1,ms,2.0,km,1.0,0.4875489648822539,0.0005398896009964904,0.0005398896009964904,4344.666666666667,8917.0,0.0,0.0,0.0003148427933600327
1,km#mean,ms#0.25,te,adm,n,5,0.5,"0.50,0.50","te#2,5,1",anony,2,yago,0.25,0.5,-1,ms,,km,0.0,0.0010546165141669167,0.00047188866481745934,0.00047188866481745934,5.0,8917.0,0.0,0.0,0.0004938898123613767
1,km#mean,ms#0.25,zipf,adm,n,5,0.5,"0.50,0.50","zipf#2,5,1,2",anony,2,yago,0.25,0.5,-1,ms,2.0,km,1.0,0.0021904091866360607,0.001459566563749088,0.001459566563749088,5.0,8917.0,0.0,0.0,0.001629682484830521
1,km#mean,ms#0.50,te,adm,n,5,0.5,"0.50,0.50","te#2,5,1",anony,2,yago,0.5,0.5,-1,ms,,km,0.0,0.0006181601138305432,0.00047952705575769663,0.00047952705575769663,1.0,8917.0,0.0,0.0,0.0005060147734694351
1,km#mean,ms#0.50,zipf,adm,n,5,0.5,"0.50,0.50","zipf#2,5,1,2",anony,2,yago,0.5,0.5,-1,ms,2.0,km,1.0,0.0017524532189957427,0.0014768615931434151,0.0014768615931434151,1.0,8917.0,0.0,0.0,0.0016403078786346346
1,km#mean,ms#0.75,te,adm,n,5,0.5,"0.50,0.50","te#2,5,1",anony,2,yago,0.75,0.5,-1,ms,,km,0.0,0.0005235343272717928,0.0004845895318956544,0.0004845895318956544,0.0,8917.0,0.0,0.0,0.0005235343272717928
1,km#mean,ms#0.75,zipf,adm,n,5,0.5,"0.50,0.50","zipf#2,5,1,2",anony,2,yago,0.75,0.5,-1,ms,2.0,km,1.0,0.001638862153911769,0.0014807568998489696,0.0014807568998489696,0.0,8917.0,0.0,0.0,0.001638862153911769
1,km#mean,ms#1.00,te,adm,n,5,0.5,"0.50,0.50","te#2,5,1",anony,2,yago,1.0,0.5,-1,ms,,km,0.0,0.0005266853208690632,0.0004874451870751893,0.0004874451870751893,0.0,8917.0,0.0,0.0,0.0005266853208690632
1,km#mean,ms#1.00,zipf,adm,n,5,0.5,"0.50,0.50","zipf#2,5,1,2",anony,2,yago,1.0,0.5,-1,ms,2.0,km,1.0,0.0016435541566869327,0.0014768342756752955,0.0014768342756752955,0.0,8917.0,0.0,0.0,0.0016435541566869327
1,km#mean,sr,te,adm,n,5,0.5,"0.50,0.50","te#2,5,1",anony,2,yago,,0.5,-1,sr,,km,0.0,0.4756876497056005,0.0019267230962376316,0.0019267230962376316,4162.0,8917.0,0.0,169.0,0.008938743122669082
1,km#mean,sr,zipf,adm,n,5,0.5,"0.50,0.50","zipf#2,5,1,2",anony,2,yago,,0.5,-1,sr,2.0,km,1.0,0.49649139954152854,0.002526652129849151,0.002526652129849151,4344.666666666667,8917.0,0.0,109.66666666666667,0.009257277452634723
1,km#min,kp#0,te,adm,n,5,0.5,"0.50,0.50","te#2,5,1",anony,2,yago,0.0,0.5,-1,kp,,km,0.0,0.5079372916863485,0.0006809588582999467,0.0006809588582999467,4526.0,8917.0,0.0,816.0,0.0003674812119736964
1,km#min,kp#0,zipf,adm,n,5,0.5,"0.50,0.50","zipf#2,5,1,2",anony,2,yago,0.0,0.5,-1,kp,2.0,km,1.0,0.5045270020867517,0.0006708224361786057,0.0006708224361786057,4495.666666666667,8917.0,0.0,117.33333333333333,0.00035893360333059824
1,km#min,kp#0.25,te,adm,n,5,0.5,"0.50,0.50","te#2,5,1",anony,2,yago,0.25,0.5,-1,kp,,km,0.0,0.0024528686685928378,0.0017682071364296683,0.0017682071364296683,5.0,8917.0,0.0,1720.0,0.0018921419667872975
1,km#min,kp#0.25,zipf,adm,n,5,0.5,"0.50,0.50","zipf#2,5,1,2",anony,2,yago,0.25,0.5,-1,kp,2.0,km,1.0,0.0024305182568394013,0.001760142326874016,0.001760142326874016,5.0,8917.0,0.0,215.0,0.001869791555033861
1,km#min,kp#0.50,te,adm,n,5,0.5,"0.50,0.50","te#2,5,1",anony,2,yago,0.5,0.5,-1,kp,,km,0.0,0.002046296839630894,0.0018035005926271292,0.0018035005926271292,1.0,8917.0,0.0,1722.0,0.0019341514992697857
1,km#min,kp#0.50,zipf,adm,n,5,0.5,"0.50,0.50","zipf#2,5,1,2",anony,2,yago,0.5,0.5,-1,kp,2.0,km,1.0,0.0020199296317957084,0.0017929652435565168,0.0017929652435565168,1.0,8917.0,0.0,216.33333333333334,0.0019077842914346002
1,km#min,kp#0.75,te,adm,n,5,0.5,"0.50,0.50","te#2,5,1",anony,2,yago,0.75,0.5,-1,kp,,km,0.0,0.0019531014718353844,0.0018156305115979985,0.0018156305115979985,0.0,8917.0,0.0,1724.0,0.0019531014718353844
1,km#min,kp#0.75,zipf,adm,n,5,0.5,"0.50,0.50","zipf#2,5,1,2",anony,2,yago,0.75,0.5,-1,kp,2.0,km,1.0,0.0019200051856627517,0.0018001922199857602,0.0018001922199857602,0.0,8917.0,0.0,206.66666666666666,0.0019200051856627517
1,km#min,kp#1.00,te,adm,n,5,0.5,"0.50,0.50","te#2,5,1",anony,2,yago,1.0,0.5,-1,kp,,km,0.0,0.0019479289149997893,0.0018108755370541845,0.0018108755370541845,0.0,8917.0,0.0,1724.0,0.0019479289149997893
1,km#min,kp#1.00,zipf,adm,n,5,0.5,"0.50,0.50","zipf#2,5,1,2",anony,2,yago,1.0,0.5,-1,kp,2.0,km,1.0,0.001923398553386473,0.0018032349251879617,0.0018032349251879617,0.0,8917.0,0.0,210.66666666666666,0.001923398553386473
1,km#min,ms#0,te,adm,n,5,0.5,"0.50,0.50","te#2,5,1",anony,2,yago,0.0,0.5,-1,ms,,km,0.0,0.4665106802741568,0.00017599558917809783,0.00017599558917809783,4159.0,8917.0,0.0,0.0,9.82097123086388e-05
1,km#min,ms#0,zipf,adm,n,5,0.5,"0.50,0.50","zipf#2,5,1,2",anony,2,yago,0.0,0.5,-1,ms,2.0,km,1.0,0.4870614546865937,0.000532887923256467,0.000532887923256467,4340.333333333333,8917.0,0.0,0.0,0.00031329573926456504
1,km#min,ms#0.25,te,adm,n,5,0.5,"0.50,0.50","te#2,5,1",anony,2,yago,0.25,0.5,-1,ms,,km,0.0,0.000952836296400178,0.00047831429548589836,0.00047831429548589836,4.0,8917.0,0.0,0.0,0.0005042549349557462
1,km#min,ms#0.25,zipf,adm,n,5,0.5,"0.50,0.50","zipf#2,5,1,2",anony,2,yago,0.25,0.5,-1,ms,2.0,km,1.0,0.002177231421220444,0.001450852410946235,0.001450852410946235,5.0,8917.0,0.0,0.0,0.001616504719414904
1,km#min,ms#0.50,te,adm,n,5,0.5,"0.50,0.50","te#2,5,1",anony,2,yago,0.5,0.5,-1,ms,,km,0.0,0.0006247830040240585,0.00048489418121891627,0.00048489418121891627,1.0,8917.0,0.0,0.0,0.0005126376636629505
1,km#min,ms#0.50,zipf,adm,n,5,0.5,"0.50,0.50","zipf#2,5,1,2",anony,2,yago,0.5,0.5,-1,ms,2.0,km,1.0,0.0017574216557017838,0.0014829463168571453,0.0014829463168571453,1.0,8917.0,0.0,0.0,0.0016452763153406759
1,km#min,ms#0.75,te,adm,n,5,0.5,"0.50,0.50","te#2,5,1",anony,2,yago,0.75,0.5,-1,ms,,km,0.0,0.0005359919005354121,0.0004904088848657783,0.0004904088848657783,0.0,8917.0,0.0,0.0,0.0005359919005354121
1,km#min,ms#0.75,zipf,adm,n,5,0.5,"0.50,0.50","zipf#2,5,1,2",anony,2,yago,0.75,0.5,-1,ms,2.0,km,1.0,0.0016388584556602983,0.00147474630178788,0.00147474630178788,0.0,8917.0,0.0,0.0,0.0016388584556602983
1,km#min,ms#1.00,te,adm,n,5,0.5,"0.50,0.50","te#2,5,1",anony,2,yago,1.0,0.5,-1,ms,,km,0.0,0.0005370791313813727,0.0004913327748530669,0.0004913327748530669,0.0,8917.0,0.0,0.0,0.0005370791313813727
1,km#min,ms#1.00,zipf,adm,n,5,0.5,"0.50,0.50","zipf#2,5,1,2",anony,2,yago,1.0,0.5,-1,ms,2.0,km,1.0,0.001656050968959497,0.0014898112991181538,0.0014898112991181538,0.0,8917.0,0.0,0.0,0.001656050968959497
1,km#min,sr,te,adm,n,5,0.5,"0.50,0.50","te#2,5,1",anony,2,yago,,0.5,-1,sr,,km,0.0,0.47447359795976135,0.001881186437829347,0.001881186437829347,4159.0,8917.0,0.0,173.0,0.008061127397913185
1,km#min,sr,zipf,adm,n,5,0.5,"0.50,0.50","zipf#2,5,1,2",anony,2,yago,,0.5,-1,sr,2.0,km,1.0,0.49569590846359907,0.0025778939851634243,0.0025778939851634243,4340.333333333333,8917.0,0.0,108.0,0.008947749516269957
1,vac,kp#0,te,adm,n,5,0.5,"0.50,0.50","te#2,5,1",anony,2,yago,0.0,0.5,-1,kp,,vac,0.0,1.0,1.0,1.0,8917.0,8917.0,0.0,0.0,1.0
1,vac,kp#0,zipf,adm,n,5,0.5,"0.50,0.50","zipf#2,5,1,2",anony,2,yago,0.0,0.5,-1,kp,2.0,vac,1.0,0.8455941766089863,0.001347499490493816,0.001347499490493816,7538.333333333333,8917.0,0.0,8.0,0.00020521918683387452
1,vac,kp#0.25,te,adm,n,5,0.5,"0.50,0.50","te#2,5,1",anony,2,yago,0.25,0.5,-1,kp,,vac,0.0,1.0,1.0,1.0,8917.0,8917.0,0.0,0.0,1.0
1,vac,kp#0.25,zipf,adm,n,5,0.5,"0.50,0.50","zipf#2,5,1,2",anony,2,yago,0.25,0.5,-1,kp,2.0,vac,1.0,0.0022521228934092785,0.001853394132589438,0.001853394132589438,2.3333333333333335,8917.0,0.0,295.3333333333333,0.001990450432566693
1,vac,kp#0.50,te,adm,n,5,0.5,"0.50,0.50","te#2,5,1",anony,2,yago,0.5,0.5,-1,kp,,vac,0.0,1.0,1.0,1.0,8917.0,8917.0,0.0,0.0,1.0
1,vac,kp#0.50,zipf,adm,n,5,0.5,"0.50,0.50","zipf#2,5,1,2",anony,2,yago,0.5,0.5,-1,kp,2.0,vac,1.0,0.0021098227484515476,0.0018616908880361046,0.0018616908880361046,1.0,8917.0,0.0,292.6666666666667,0.00199767740809044
1,vac,kp#0.75,te,adm,n,5,0.5,"0.50,0.50","te#2,5,1",anony,2,yago,0.75,0.5,-1,kp,,vac,0.0,1.0,1.0,1.0,8917.0,8917.0,0.0,0.0,1.0
1,vac,kp#0.75,zipf,adm,n,5,0.5,"0.50,0.50","zipf#2,5,1,2",anony,2,yago,0.75,0.5,-1,kp,2.0,vac,1.0,0.0020142286001691113,0.001874063943660377,0.001874063943660377,0.0,8917.0,0.0,302.6666666666667,0.0020142286001691113
1,vac,kp#1.00,te,adm,n,5,0.5,"0.50,0.50","te#2,5,1",anony,2,yago,1.0,0.5,-1,kp,,vac,0.0,1.0,1.0,1.0,8917.0,8917.0,0.0,0.0,1.0
1,vac,kp#1.00,zipf,adm,n,5,0.5,"0.50,0.50","zipf#2,5,1,2",anony,2,yago,1.0,0.5,-1,kp,2.0,vac,1.0,0.002016611936450165,0.001876979391949277,0.001876979391949277,0.0,8917.0,0.0,293.6666666666667,0.002016611936450165
1,vac,ms#0,te,adm,n,5,0.5,"0.50,0.50","te#2,5,1",anony,2,yago,0.0,0.5,-1,ms,,vac,0.0,0.0004681272479689253,0.0003560218337975445,0.0003560218337975445,1.0,8917.0,0.0,0.0,0.00035598190760781725
1,vac,ms#0,zipf,adm,n,5,0.5,"0.50,0.50","zipf#2,5,1,2",anony,2,yago,0.0,0.5,-1,ms,2.0,vac,1.0,0.0008310404854277416,0.0005647885113205853,0.0005647885113205853,1.3333333333333333,8917.0,0.0,0.0,0.0006815133649462642
1,vac,ms#0.25,te,adm,n,5,0.5,"0.50,0.50","te#2,5,1",anony,2,yago,0.25,0.5,-1,ms,,vac,0.0,0.0004681272479689253,0.0003560218337975445,0.0003560218337975445,1.0,8917.0,0.0,0.0,0.00035598190760781725
1,vac,ms#0.25,zipf,adm,n,5,0.5,"0.50,0.50","zipf#2,5,1,2",anony,2,yago,0.25,0.5,-1,ms,2.0,vac,1.0,0.0008310404854277416,0.0005647885113205853,0.0005647885113205853,1.3333333333333333,8917.0,0.0,0.0,0.0006815133649462642
1,vac,ms#0.50,te,adm,n,5,0.5,"0.50,0.50","te#2,5,1",anony,2,yago,0.5,0.5,-1,ms,,vac,0.0,0.0004681272479689253,0.0003560218337975445,0.0003560218337975445,1.0,8917.0,0.0,0.0,0.00035598190760781725
1,vac,ms#0.50,zipf,adm,n,5,0.5,"0.50,0.50","zipf#2,5,1,2",anony,2,yago,0.5,0.5,-1,ms,2.0,vac,1.0,0.0007949683512462935,0.0005658771963723305,0.0005658771963723305,1.0,8917.0,0.0,0.0,0.0006828230108851855
1,vac,ms#0.75,te,adm,n,5,0.5,"0.50,0.50","te#2,5,1",anony,2,yago,0.75,0.5,-1,ms,,vac,0.0,0.0004681272479689253,0.0003560218337975445,0.0003560218337975445,1.0,8917.0,0.0,0.0,0.00035598190760781725
1,vac,ms#0.75,zipf,adm,n,5,0.5,"0.50,0.50","zipf#2,5,1,2",anony,2,yago,0.75,0.5,-1,ms,2.0,vac,1.0,0.0006896860462333385,0.0005707069882653174,0.0005707069882653174,0.0,8917.0,0.0,0.0,0.0006896860462333385
1,vac,ms#1.00,te,adm,n,5,0.5,"0.50,0.50","te#2,5,1",anony,2,yago,1.0,0.5,-1,ms,,vac,0.0,0.0004681272479689253,0.0003560218337975445,0.0003560218337975445,1.0,8917.0,0.0,0.0,0.00035598190760781725
1,vac,ms#1.00,zipf,adm,n,5,0.5,"0.50,0.50","zipf#2,5,1,2",anony,2,yago,1.0,0.5,-1,ms,2.0,vac,1.0,0.0006896860462333385,0.0005707069882653174,0.0005707069882653174,0.0,8917.0,0.0,0.0,0.0006896860462333385
1,vac,sr,te,adm,n,5,0.5,"0.50,0.50","te#2,5,1",anony,2,yago,,0.5,-1,sr,,vac,0.0,0.0004681272479689253,0.0003560218337975445,0.0003560218337975445,1.0,8917.0,0.0,0.0,0.00035598190760781725
1,vac,sr,zipf,adm,n,5,0.5,"0.50,0.50","zipf#2,5,1,2",anony,2,yago,,0.5,-1,sr,2.0,vac,1.0,0.0008310404854277416,0.0005647885113205853,0.0005647885113205853,1.3333333333333333,8917.0,0.0,0.0,0.0006815133649462642
5,hdbscan#max,kp#0,te,adm,n,50,0.5,"0.50,0.50","te#5,50,5",anony,5,yago,0.0,0.5,-1,kp,,hdbscan,0.0,0.014493118410428631,0.014215447592758867,0.014215447592758867,0.0,8917.0,0.0,174.0,0.014493118410428631
5,hdbscan#max,kp#0,zipf,adm,n,50,0.5,"0.50,0.50","zipf#5,50,5,2",anony,5,yago,0.0,0.5,-1,kp,2.0,hdbscan,1.0,0.014397020558647911,0.01411827012271117,0.01411827012271117,0.0,8917.0,0.0,2.0,0.014397020558647911
5,hdbscan#max,kp#0.25,te,adm,n,50,0.5,"0.50,0.50","te#5,50,5",anony,5,yago,0.25,0.5,-1,kp,,hdbscan,0.0,0.014580721495206282,0.01431047187323084,0.01431047187323084,0.0,8917.0,0.0,174.0,0.014580721495206282
5,hdbscan#max,kp#0.25,zipf,adm,n,50,0.5,"0.50,0.50","zipf#5,50,5,2",anony,5,yago,0.25,0.5,-1,kp,2.0,hdbscan,1.0,0.014300958047176298,0.01402362399503708,0.01402362399503708,0.0,8917.0,0.0,4.333333333333333,0.014300958047176298
5,hdbscan#max,kp#0.50,te,adm,n,50,0.5,"0.50,0.50","te#5,50,5",anony,5,yago,0.5,0.5,-1,kp,,hdbscan,0.0,0.014203401479960737,0.013924465488541602,0.013924465488541602,0.0,8917.0,0.0,174.0,0.014203401479960737
5,hdbscan#max,kp#0.50,zipf,adm,n,50,0.5,"0.50,0.50","zipf#5,50,5,2",anony,5,yago,0.5,0.5,-1,kp,2.0,hdbscan,1.0,0.014375904515471894,0.014092445504992503,0.014092445504992503,0.0,8917.0,0.0,3.0,0.014375904515471894
5,hdbscan#max,kp#0.75,te,adm,n,50,0.5,"0.50,0.50","te#5,50,5",anony,5,yago,0.75,0.5,-1,kp,,hdbscan,0.0,0.014660816792613742,0.014390355339472943,0.014390355339472943,0.0,8917.0,0.0,174.0,0.014660816792613742
5,hdbscan#max,kp#0.75,zipf,adm,n,50,0.5,"0.50,0.50","zipf#5,50,5,2",anony,5,yago,0.75,0.5,-1,kp,2.0,hdbscan,1.0,0.014251129472231928,0.013963977310491713,0.013963977310491713,0.0,8917.0,0.0,2.0,0.014251129472231928
5,hdbscan#max,kp#1.00,te,adm,n,50,0.5,"0.50,0.50","te#5,50,5",anony,5,yago,1.0,0.5,-1,kp,,hdbscan,0.0,0.014260028559733389,0.013983933800877228,0.013983933800877228,0.0,8917.0,0.0,174.0,0.014260028559733389
5,hdbscan#max,kp#1.00,zipf,adm,n,50,0.5,"0.50,0.50","zipf#5,50,5,2",anony,5,yago,1.0,0.5,-1,kp,2.0,hdbscan,1.0,0.014296960153757263,0.01401765659450785,0.01401765659450785,0.0,8917.0,0.0,3.3333333333333335,0.014296960153757263
5,hdbscan#max,ms#0,te,adm,n,50,0.5,"0.50,0.50","te#5,50,5",anony,5,yago,0.0,0.5,-1,ms,,hdbscan,0.0,0.003321237822627628,0.0018175630359635467,0.0018175630359635467,0.0,8917.0,0.0,0.0,0.003321237822627628
5,hdbscan#max,ms#0,zipf,adm,n,50,0.5,"0.50,0.50","zipf#5,50,5,2",anony,5,yago,0.0,0.5,-1,ms,2.0,hdbscan,1.0,0.01424287523630414,0.013857640555926616,0.013857640555926616,0.0,8917.0,0.0,0.0,0.01424287523630414
5,hdbscan#max,ms#0.25,te,adm,n,50,0.5,"0.50,0.50","te#5,50,5",anony,5,yago,0.25,0.5,-1,ms,,hdbscan,0.0,0.003292308366891029,0.0018091111798166778,0.0018091111798166778,0.0,8917.0,0.0,0.0,0.003292308366891029
5,hdbscan#max,ms#0.25,zipf,adm,n,50,0.5,"0.50,0.50","zipf#5,50,5,2",anony,5,yago,0.25,0.5,-1,ms,2.0,hdbscan,1.0,0.01430164220043334,0.013828323159984836,0.013828323159984836,0.0,8917.0,0.0,0.0,0.01430164220043334
5,hdbscan#max,ms#0.50,te,adm,n,50,0.5,"0.50,0.50","te#5,50,5",anony,5,yago,0.5,0.5,-1,ms,,hdbscan,0.0,0.0033109336330980747,0.0018209725473403026,0.0018209725473403026,0.0,8917.0,0.0,0.0,0.0033109336330980747
5,hdbscan#max,ms#0.50,zipf,adm,n,50,0.5,"0.50,0.50","zipf#5,50,5,2",anony,5,yago,0.5,0.5,-1,ms,2.0,hdbscan,1.0,0.014224069922359186,0.013822113053006324,0.013822113053006324,0.0,8917.0,0.0,0.0,0.014224069922359186
5,hdbscan#max,ms#0.75,te,adm,n,50,0.5,"0.50,0.50","te#5,50,5",anony,5,yago,0.75,0.5,-1,ms,,hdbscan,0.0,0.0033303608937783062,0.0018217899593206538,0.0018217899593206538,0.0,8917.0,0.0,0.0,0.0033303608937783062
5,hdbscan#max,ms#0.75,zipf,adm,n,50,0.5,"0.50,0.50","zipf#5,50,5,2",anony,5,yago,0.75,0.5,-1,ms,2.0,hdbscan,1.0,0.014201032864449853,0.013773840025693684,0.013773840025693684,0.0,8917.0,0.0,0.0,0.014201032864449853
5,hdbscan#max,ms#1.00,te,adm,n,50,0.5,"0.50,0.50","te#5,50,5",anony,5,yago,1.0,0.5,-1,ms,,hdbscan,0.0,0.0033227873384066332,0.0018104942575162416,0.0018104942575162416,0.0,8917.0,0.0,0.0,0.0033227873384066332
5,hdbscan#max,ms#1.00,zipf,adm,n,50,0.5,"0.50,0.50","zipf#5,50,5,2",anony,5,yago,1.0,0.5,-1,ms,2.0,hdbscan,1.0,0.01432888358566769,0.013927934037401302,0.013927934037401302,0.0,8917.0,0.0,0.0,0.01432888358566769
5,hdbscan#max,sr,te,adm,n,50,0.5,"0.50,0.50","te#5,50,5",anony,5,yago,,0.5,-1,sr,,hdbscan,0.0,0.4702468541249502,0.08672466230419378,0.08672466230419378,0.0,8917.0,0.0,6.0,0.4702468541249502
5,hdbscan#max,sr,zipf,adm,n,50,0.5,"0.50,0.50","zipf#5,50,5,2",anony,5,yago,,0.5,-1,sr,2.0,hdbscan,1.0,0.4702468541249502,0.08672466230419378,0.08672466230419378,0.0,8917.0,0.0,5.0,0.4702468541249502
5,hdbscan#mean,kp#0,te,adm,n,50,0.5,"0.50,0.50","te#5,50,5",anony,5,yago,0.0,0.5,-1,kp,,hdbscan,0.0,0.28268123565970754,0.01644336261297685,0.01644336261297685,2413.0,8917.0,0.0,128.0,0.01207452936835395
5,hdbscan#mean,kp#0,zipf,adm,n,50,0.5,"0.50,0.50","zipf#5,50,5,2",anony,5,yago,0.0,0.5,-1,kp,2.0,hdbscan,1.0,0.2827388544557816,0.01652089516156514,0.01652089516156514,2413.0,8917.0,0.0,1.0,0.012132148164428041
5,hdbscan#mean,kp#0.25,te,adm,n,50,0.5,"0.50,0.50","te#5,50,5",anony,5,yago,0.25,0.5,-1,kp,,hdbscan,0.0,0.014648505755576646,0.01446165573104583,0.01446165573104583,0.0,8917.0,0.0,176.0,0.014648505755576646
5,hdbscan#mean,kp#0.25,zipf,adm,n,50,0.5,"0.50,0.50","zipf#5,50,5,2",anony,5,yago,0.25,0.5,-1,kp,2.0,hdbscan,1.0,0.014477748131808375,0.014297940079451269,0.014297940079451269,0.0,8917.0,0.0,2.0,0.014477748131808375
5,hdbscan#mean,kp#0.50,te,adm,n,50,0.5,"0.50,0.50","te#5,50,5",anony,5,yago,0.5,0.5,-1,kp,,hdbscan,0.0,0.014653854537888008,0.01446443552795701,0.01446443552795701,0.0,8917.0,0.0,176.0,0.014653854537888008
5,hdbscan#mean,kp#0.50,zipf,adm,n,50,0.5,"0.50,0.50","zipf#5,50,5,2",anony,5,yago,0.5,0.5,-1,kp,2.0,hdbscan,1.0,0.014582673882999409,0.014393134945476263,0.014393134945476263,0.0,8917.0,0.0,2.0,0.014582673882999409
5,hdbscan#mean,kp#0.75,te,adm,n,50,0.5,"0.50,0.50","te#5,50,5",anony,5,yago,0.75,0.5,-1,kp,,hdbscan,0.0,0.014579771466483047,0.01440969406358761,0.01440969406358761,0.0,8917.0,0.0,176.0,0.014579771466483047
5,hdbscan#mean,kp#0.75,zipf,adm,n,50,0.5,"0.50,0.50","zipf#5,50,5,2",anony,5,yago,0.75,0.5,-1,kp,2.0,hdbscan,1.0,0.014419738095412166,0.014245407406526007,0.014245407406526007,0.0,8917.0,0.0,1.6666666666666667,0.014419738095412166
5,hdbscan#mean,kp#1.00,te,adm,n,50,0.5,"0.50,0.50","te#5,50,5",anony,5,yago,1.0,0.5,-1,kp,,hdbscan,0.0,0.014126114421073232,0.013956439895138307,0.013956439895138307,0.0,8917.0,0.0,176.0,0.014126114421073232
5,hdbscan#mean,kp#1.00,zipf,adm,n,50,0.5,"0.50,0.50","zipf#5,50,5,2",anony,5,yago,1.0,0.5,-1,kp,2.0,hdbscan,1.0,0.014416348304168608,0.014238590758061343,0.014238590758061343,0.0,8917.0,0.0,2.3333333333333335,0.014416348304168608
5,hdbscan#mean,ms#0,te,adm,n,50,0.5,"0.50,0.50","te#5,50,5",anony,5,yago,0.0,0.5,-1,ms,,hdbscan,0.0,0.0030543998316935332,0.0019364733563072552,0.0019364733563072552,0.0,8917.0,0.0,0.0,0.0030543998316935332
5,hdbscan#mean,ms#0,zipf,adm,n,50,0.5,"0.50,0.50","zipf#5,50,5,2",anony,5,yago,0.0,0.5,-1,ms,2.0,hdbscan,1.0,0.2629143838014656,0.015203382241080322,0.015203382241080322,2234.6666666666665,8917.0,0.0,0.0,0.012306929874509563
5,hdbscan#mean,ms#0.25,te,adm,n,50,0.5,"0.50,0.50","te#5,50,5",anony,5,yago,0.25,0.5,-1,ms,,hdbscan,0.0,0.0030049923141447997,0.001921057119247751,0.001921057119247751,0.0,8917.0,0.0,0.0,0.0030049923141447997
5,hdbscan#mean,ms#0.25,zipf,adm,n,50,0.5,"0.50,0.50","zipf#5,50,5,2",anony,5,yago,0.25,0.5,-1,ms,2.0,hdbscan,1.0,0.014610060989958379,0.014406211485611274,0.014406211485611274,0.0,8917.0,0.0,0.0,0.014610060989958379
5,hdbscan#mean,ms#0.50,te,adm,n,50,0.5,"0.50,0.50","te#5,50,5",anony,5,yago,0.5,0.5,-1,ms,,hdbscan,0.0,0.003031947472712966,0.0019402376273692302,0.0019402376273692302,0.0,8917.0,0.0,0.0,0.003031947472712966
5,hdbscan#mean,ms#0.50,zipf,adm,n,50,0.5,"0.50,0.50","zipf#5,50,5,2",anony,5,yago,0.5,0.5,-1,ms,2.0,hdbscan,1.0,0.014400199469578663,0.014107786331309382,0.014107786331309382,0.0,8917.0,0.0,0.0,0.014400199469578663
5,hdbscan#mean,ms#0.75,te,adm,n,50,0.5,"0.50,0.50","te#5,50,5",anony,5,yago,0.75,0.5,-1,ms,,hdbscan,0.0,0.0030269489382182524,0.0019440513709629923,0.0019440513709629923,0.0,8917.0,0.0,0.0,0.0030269489382182524
5,hdbscan#mean,ms#0.75,zipf,adm,n,50,0.5,"0.50,0.50","zipf#5,50,5,2",anony,5,yago,0.75,0.5,-1,ms,2.0,hdbscan,1.0,0.014526027241791507,0.014254569802327402,0.014254569802327402,0.0,8917.0,0.0,0.0,0.014526027241791507
5,hdbscan#mean,ms#1.00,te,adm,n,50,0.5,"0.50,0.50","te#5,50,5",anony,5,yago,1.0,0.5,-1,ms,,hdbscan,0.0,0.003043827469616675,0.001933304686434774,0.001933304686434774,0.0,8917.0,0.0,0.0,0.003043827469616675
5,hdbscan#mean,ms#1.00,zipf,adm,n,50,0.5,"0.50,0.50","zipf#5,50,5,2",anony,5,yago,1.0,0.5,-1,ms,2.0,hdbscan,1.0,0.014422274879157773,0.014167869441892257,0.014167869441892257,0.0,8917.0,0.0,0.0,0.014422274879157773
5,hdbscan#mean,sr,te,adm,n,50,0.5,"0.50,0.50","te#5,50,5",anony,5,yago,,0.5,-1,sr,,hdbscan,0.0,0.35447413876973743,0.0044757578592937945,0.0044757578592937945,0.0,8917.0,0.0,93.0,0.35447413876973743
5,hdbscan#mean,sr,zipf,adm,n,50,0.5,"0.50,0.50","zipf#5,50,5,2",anony,5,yago,,0.5,-1,sr,2.0,hdbscan,1.0,0.6043869214934824,0.03320564794866425,0.03320564794866425,2234.6666666666665,8917.0,0.0,2.3333333333333335,0.3537794675665265
5,hdbscan#min,kp#0,te,adm,n,50,0.5,"0.50,0.50","te#5,50,5",anony,5,yago,0.0,0.5,-1,kp,,hdbscan,0.0,0.2827934464458707,0.01659917445596933,0.01659917445596933,2413.0,8917.0,0.0,128.0,0.012186740154517069
5,hdbscan#min,kp#0,zipf,adm,n,50,0.5,"0.50,0.50","zipf#5,50,5,2",anony,5,yago,0.0,0.5,-1,kp,2.0,hdbscan,1.0,0.2829815805524237,0.016853870947796015,0.016853870947796015,2413.0,8917.0,0.0,0.6666666666666666,0.01237487426107011
5,hdbscan#min,kp#0.25,te,adm,n,50,0.5,"0.50,0.50","te#5,50,5",anony,5,yago,0.25,0.5,-1,kp,,hdbscan,0.0,0.014627337400956704,0.014466472549617275,0.014466472549617275,0.0,8917.0,0.0,176.0,0.014627337400956704
5,hdbscan#min,kp#0.25,zipf,adm,n,50,0.5,"0.50,0.50","zipf#5,50,5,2",anony,5,yago,0.25,0.5,-1,kp,2.0,hdbscan,1.0,0.01445392335542038,0.014275307161242692,0.014275307161242692,0.0,8917.0,0.0,2.0,0.01445392335542038
5,hdbscan#min,kp#0.50,te,adm,n,50,0.5,"0.50,0.50","te#5,50,5",anony,5,yago,0.5,0.5,-1,kp,,hdbscan,0.0,0.014283817579957152,0.014123876923280597,0.014123876923280597,0.0,8917.0,0.0,176.0,0.014283817579957152
5,hdbscan#min,kp#0.50,zipf,adm,n,50,0.5,"0.50,0.50","zipf#5,50,5,2",anony,5,yago,0.5,0.5,-1,kp,2.0,hdbscan,1.0,0.01466108277618929,0.014486340140400974,0.014486340140400974,0.0,8917.0,0.0,2.0,0.01466108277618929
5,hdbscan#min,kp#0.75,te,adm,n,50,0.5,"0.50,0.50","te#5,50,5",anony,5,yago,0.75,0.5,-1,kp,,hdbscan,0.0,0.014636460684593075,0.01448096184441295,0.01448096184441295,0.0,8917.0,0.0,176.0,0.014636460684593075
5,hdbscan#min,kp#0.75,zipf,adm,n,50,0.5,"0.50,0.50","zipf#5,50,5,2",anony,5,yago,0.75,0.5,-1,kp,2.0,hdbscan,1.0,0.014477959593802913,0.014297580572498006,0.014297580572498006,0.0,8917.0,0.0,2.0,0.014477959593802913
5,hdbscan#min,kp#1.00,te,adm,n,50,0.5,"0.50,0.50","te#5,50,5",anony,5,yago,1.0,0.5,-1,kp,,hdbscan,0.0,0.01459535757647303,0.014412355144068356,0.014412355144068356,0.0,8917.0,0.0,176.0,0.01459535757647303
5,hdbscan#min,kp#1.00,zipf,adm,n,50,0.5,"0.50,0.50","zipf#5,50,5,2",anony,5,yago,1.0,0.5,-1,kp,2.0,hdbscan,1.0,0.014489886702138141,0.01432378116286972,0.01432378116286972,0.0,8917.0,0.0,3.0,0.014489886702138141
5,hdbscan#min,ms#0,te,adm,n,50,0.5,"0.50,0.50","te#5,50,5",anony,5,yago,0.0,0.5,-1,ms,,hdbscan,0.0,0.0030685207374294126,0.0019493012276714213,0.0019493012276714213,0.0,8917.0,0.0,0.0,0.0030685207374294126
5,hdbscan#min,ms#0,zipf,adm,n,50,0.5,"0.50,0.50","zipf#5,50,5,2",anony,5,yago,0.0,0.5,-1,ms,2.0,hdbscan,1.0,0.26294482011757464,0.015187743205264384,0.015187743205264384,2234.6666666666665,8917.0,0.0,0.0,0.01233736619061866
5,hdbscan#min,ms#0.25,te,adm,n,50,0.5,"0.50,0.50","te#5,50,5",anony,5,yago,0.25,0.5,-1,ms,,hdbscan,0.0,0.0029976086106422626,0.0019294735357214866,0.0019294735357214866,0.0,8917.0,0.0,0.0,0.0029976086106422626
5,hdbscan#min,ms#0.25,zipf,adm,n,50,0.5,"0.50,0.50","zipf#5,50,5,2",anony,5,yago,0.25,0.5,-1,ms,2.0,hdbscan,1.0,0.014541288459443621,0.014285666005143513,0.014285666005143513,0.0,8917.0,0.0,0.0,0.014541288459443621
5,hdbscan#min,ms#0.50,te,adm,n,50,0.5,"0.50,0.50","te#5,50,5",anony,5,yago,0.5,0.5,-1,ms,,hdbscan,0.0,0.0029912433712927945,0.0019302717003327615,0.0019302717003327615,0.0,8917.0,0.0,0.0,0.0029912433712927945
5,hdbscan#min,ms#0.50,zipf,adm,n,50,0.5,"0.50,0.50","zipf#5,50,5,2",anony,5,yago,0.5,0.5,-1,ms,2.0,hdbscan,1.0,0.014584775344814754,0.014336768998182719,0.014336768998182719,0.0,8917.0,0.0,0.0,0.014584775344814754
5,hdbscan#min,ms#0.75,te,adm,n,50,0.5,"0.50,0.50","te#5,50,5",anony,5,yago,0.75,0.5,-1,ms,,hdbscan,0.0,0.003036563817964823,0.0019347882289184346,0.0019347882289184346,0.0,8917.0,0.0,0.0,0.003036563817964823
5,hdbscan#min,ms#0.75,zipf,adm,n,50,0.5,"0.50,0.50","zipf#5,50,5,2",anony,5,yago,0.75,0.5,-1,ms,2.0,hdbscan,1.0,0.014447718476830816,0.014190101224422512,0.014190101224422512,0.0,8917.0,0.0,0.0,0.014447718476830816
5,hdbscan#min,ms#1.00,te,adm,n,50,0.5,"0.50,0.50","te#5,50,5",anony,5,yago,1.0,0.5,-1,ms,,hdbscan,0.0,0.0030037591551607583,0.001940566949003747,0.001940566949003747,0.0,8917.0,0.0,0.0,0.0030037591551607583
5,hdbscan#min,ms#1.00,zipf,adm,n,50,0.5,"0.50,0.50","zipf#5,50,5,2",anony,5,yago,1.0,0.5,-1,ms,2.0,hdbscan,1.0,0.014349367184094972,0.014102092874473263,0.014102092874473263,0.0,8917.0,0.0,0.0,0.014349367184094972
5,hdbscan#min,sr,te,adm,n,50,0.5,"0.50,0.50","te#5,50,5",anony,5,yago,,0.5,-1,sr,,hdbscan,0.0,0.35447413876973743,0.0044757578592937945,0.0044757578592937945,0.0,8917.0,0.0,93.0,0.35447413876973743
5,hdbscan#min,sr,zipf,adm,n,50,0.5,"0.50,0.50","zipf#5,50,5,2",anony,5,yago,,0.5,-1,sr,2.0,hdbscan,1.0,0.6043869214934825,0.03320564794866425,0.03320564794866425,2234.6666666666665,8917.0,0.0,2.3333333333333335,0.3537794675665265
5,km#max,kp#0,te,adm,n,50,0.5,"0.50,0.50","te#5,50,5",anony,5,yago,0.0,0.5,-1,kp,,km,0.0,0.08136495314370212,0.012631847131433002,0.012631847131433002,618.0,8917.0,0.0,160.0,0.012059132800537376
5,km#max,kp#0,zipf,adm,n,50,0.5,"0.50,0.50","zipf#5,50,5,2",anony,5,yago,0.0,0.5,-1,kp,2.0,km,1.0,0.08563804618255044,0.01264251379330381,0.01264251379330381,657.6666666666666,8917.0,0.0,2.6666666666666665,0.011883794005061751
5,km#max,kp#0.25,te,adm,n,50,0.5,"0.50,0.50","te#5,50,5",anony,5,yago,0.25,0.5,-1,kp,,km,0.0,0.015082640256722284,0.014140381493205897,0.014140381493205897,5.0,8917.0,0.0,172.0,0.014521913554916744
5,km#max,kp#0.25,zipf,adm,n,50,0.5,"0.50,0.50","zipf#5,50,5,2",anony,5,yago,0.25,0.5,-1,kp,2.0,km,1.0,0.015342901088924487,0.014287633388361759,0.014287633388361759,5.0,8917.0,0.0,3.3333333333333335,0.014782174387118948
5,km#max,kp#0.50,te,adm,n,50,0.5,"0.50,0.50","te#5,50,5",anony,5,yago,0.5,0.5,-1,kp,,km,0.0,0.015541034773707538,0.01477557539218856,0.01477557539218856,1.0,8917.0,0.0,168.0,0.01542888943334643
5,km#max,kp#0.50,zipf,adm,n,50,0.5,"0.50,0.50","zipf#5,50,5,2",anony,5,yago,0.5,0.5,-1,kp,2.0,km,1.0,0.01529837901658182,0.014624405894561864,0.014624405894561864,1.0,8917.0,0.0,3.6666666666666665,0.015186233676220712
5,km#max,kp#0.75,te,adm,n,50,0.5,"0.50,0.50","te#5,50,5",anony,5,yago,0.75,0.5,-1,kp,,km,0.0,0.015366312907699468,0.014847207230609815,0.014847207230609815,0.0,8917.0,0.0,170.0,0.015366312907699468
5,km#max,kp#0.75,zipf,adm,n,50,0.5,"0.50,0.50","zipf#5,50,5,2",anony,5,yago,0.75,0.5,-1,kp,2.0,km,1.0,0.015272660236089733,0.014725311804114974,0.014725311804114974,0.0,8917.0,0.0,3.0,0.015272660236089733
5,km#max,kp#1.00,te,adm,n,50,0.5,"0.50,0.50","te#5,50,5",anony,5,yago,1.0,0.5,-1,kp,,km,0.0,0.015424259827912398,0.014896249086179314,0.014896249086179314,0.0,8917.0,0.0,170.0,0.015424259827912398
5,km#max,kp#1.00,zipf,adm,n,50,0.5,"0.50,0.50","zipf#5,50,5,2",anony,5,yago,1.0,0.5,-1,kp,2.0,km,1.0,0.015249069441035814,0.0147062648770699,0.0147062648770699,0.0,8917.0,0.0,2.0,0.015249069441035814
5,km#max,ms#0,te,adm,n,50,0.5,"0.50,0.50","te#5,50,5",anony,5,yago,0.0,0.5,-1,ms,,km,0.0,0.025999246596530176,0.0015589201836004696,0.0015589201836004696,218.0,8917.0,0.0,0.0,0.0015515623978086316
5,km#max,ms#0,zipf,adm,n,50,0.5,"0.50,0.50","zipf#5,50,5,2",anony,5,yago,0.0,0.5,-1,ms,2.0,km,1.0,0.07904553614423558,0.012266786177783531,0.012266786177783531,600.6666666666666,8917.0,0.0,0.0,0.011683568367330047
5,km#max,ms#0.25,te,adm,n,50,0.5,"0.50,0.50","te#5,50,5",anony,5,yago,0.25,0.5,-1,ms,,km,0.0,0.0022836873756096063,0.0016532248590401407,0.0016532248590401407,5.0,8917.0,0.0,0.0,0.001722960673804066
5,km#max,ms#0.25,zipf,adm,n,50,0.5,"0.50,0.50","zipf#5,50,5,2",anony,5,yago,0.25,0.5,-1,ms,2.0,km,1.0,0.014994957856843192,0.01380874112660783,0.01380874112660783,5.0,8917.0,0.0,0.0,0.014434231155037653
5,km#max,ms#0.50,te,adm,n,50,0.5,"0.50,0.50","te#5,50,5",anony,5,yago,0.5,0.5,-1,ms,,km,0.0,0.00189546401345971,0.00168723277325334,0.00168723277325334,1.0,8917.0,0.0,0.0,0.0017833186730986021
5,km#max,ms#0.50,zipf,adm,n,50,0.5,"0.50,0.50","zipf#5,50,5,2",anony,5,yago,0.5,0.5,-1,ms,2.0,km,1.0,0.014971942769382842,0.01424213969934377,0.01424213969934377,1.0,8917.0,0.0,0.0,0.014859797429021734
5,km#max,ms#0.75,te,adm,n,50,0.5,"0.50,0.50","te#5,50,5",anony,5,yago,0.75,0.5,-1,ms,,km,0.0,0.002152343871503062,0.0017153472997056183,0.0017153472997056183,0.0,8917.0,0.0,0.0,0.002152343871503062
5,km#max,ms#0.75,zipf,adm,n,50,0.5,"0.50,0.50","zipf#5,50,5,2",anony,5,yago,0.75,0.5,-1,ms,2.0,km,1.0,0.015008618639487084,0.014444542617989312,0.014444542617989312,0.0,8917.0,0.0,0.0,0.015008618639487084
5,km#max,ms#1.00,te,adm,n,50,0.5,"0.50,0.50","te#5,50,5",anony,5,yago,1.0,0.5,-1,ms,,km,0.0,0.002155302076008014,0.0017171870056202304,0.0017171870056202304,0.0,8917.0,0.0,0.0,0.002155302076008014
5,km#max,ms#1.00,zipf,adm,n,50,0.5,"0.50,0.50","zipf#5,50,5,2",anony,5,yago,1.0,0.5,-1,ms,2.0,km,1.0,0.015215163108641738,0.014561213168902567,0.014561213168902567,0.0,8917.0,0.0,0.0,0.015215163108641738
5,km#max,sr,te,adm,n,50,0.5,"0.50,0.50","te#5,50,5",anony,5,yago,,0.5,-1,sr,,km,0.0,0.11650521636567296,0.020880754699736888,0.020880754699736888,218.0,8917.0,0.0,33.0,0.09205753216695142
5,km#max,sr,zipf,adm,n,50,0.5,"0.50,0.50","zipf#5,50,5,2",anony,5,yago,,0.5,-1,sr,2.0,km,1.0,0.15816269702050867,0.0405615771106308,0.0405615771106308,600.6666666666666,8917.0,0.0,11.333333333333334,0.09080072924360312
5,km#mean,kp#0,te,adm,n,50,0.5,"0.50,0.50","te#5,50,5",anony,5,yago,0.0,0.5,-1,kp,,km,0.0,0.39660749932113815,0.010382863473477378,0.010382863473477378,3479.0,8917.0,0.0,99.0,0.006453860204843439
5,km#mean,kp#0,zipf,adm,n,50,0.5,"0.50,0.50","zipf#5,50,5,2",anony,5,yago,0.0,0.5,-1,kp,2.0,km,1.0,0.40155158633607924,0.010157143337369804,0.010157143337369804,3524.3333333333335,8917.0,0.0,1.6666666666666667,0.006314025123414255
5,km#mean,kp#0.25,te,adm,n,50,0.5,"0.50,0.50","te#5,50,5",anony,5,yago,0.25,0.5,-1,kp,,km,0.0,0.016907639320719498,0.015812824682448514,0.015812824682448514,5.0,8917.0,0.0,166.0,0.016346912618913956
5,km#mean,kp#0.25,zipf,adm,n,50,0.5,"0.50,0.50","zipf#5,50,5,2",anony,5,yago,0.25,0.5,-1,kp,2.0,km,1.0,0.016468933552762535,0.015489050445043307,0.015489050445043307,5.0,8917.0,0.0,3.6666666666666665,0.015908206850956997
5,km#mean,kp#0.50,te,adm,n,50,0.5,"0.50,0.50","te#5,50,5",anony,5,yago,0.5,0.5,-1,kp,,km,0.0,0.01669716875504697,0.0161334812734678,0.0161334812734678,1.0,8917.0,0.0,166.0,0.016585023414685863
5,km#mean,kp#0.50,zipf,adm,n,50,0.5,"0.50,0.50","zipf#5,50,5,2",anony,5,yago,0.5,0.5,-1,kp,2.0,km,1.0,0.01662404170156151,0.016052500816082168,0.016052500816082168,1.0,8917.0,0.0,3.3333333333333335,0.0165118963612004
5,km#mean,kp#0.75,te,adm,n,50,0.5,"0.50,0.50","te#5,50,5",anony,5,yago,0.75,0.5,-1,kp,,km,0.0,0.016593955646607244,0.016094758744205705,0.016094758744205705,0.0,8917.0,0.0,166.0,0.016593955646607244
5,km#mean,kp#0.75,zipf,adm,n,50,0.5,"0.50,0.50","zipf#5,50,5,2",anony,5,yago,0.75,0.5,-1,kp,2.0,km,1.0,0.01657044590090335,0.016078208704765496,0.016078208704765496,0.0,8917.0,0.0,3.3333333333333335,0.01657044590090335
5,km#mean,kp#1.00,te,adm,n,50,0.5,"0.50,0.50","te#5,50,5",anony,5,yago,1.0,0.5,-1,kp,,km,0.0,0.016550990066079217,0.0160548793794292,0.0160548793794292,0.0,8917.0,0.0,166.0,0.016550990066079217
5,km#mean,kp#1.00,zipf,adm,n,50,0.5,"0.50,0.50","zipf#5,50,5,2",anony,5,yago,1.0,0.5,-1,kp,2.0,km,1.0,0.01665377539591197,0.01616065673828538,0.01616065673828538,0.0,8917.0,0.0,3.6666666666666665,0.01665377539591197
5,km#mean,ms#0,te,adm,n,50,0.5,"0.50,0.50","te#5,50,5",anony,5,yago,0.0,0.5,-1,ms,,km,0.0,0.21753579572153683,0.00121480707689376,0.00121480707689376,1931.0,8917.0,0.0,0.0,0.000983143484237294
5,km#mean,ms#0,zipf,adm,n,50,0.5,"0.50,0.50","zipf#5,50,5,2",anony,5,yago,0.0,0.5,-1,ms,2.0,km,1.0,0.37546028312391694,0.009444028672017204,0.009444028672017204,3291.6666666666665,8917.0,0.0,0.0,0.0063152044352697825
5,km#mean,ms#0.25,te,adm,n,50,0.5,"0.50,0.50","te#5,50,5",anony,5,yago,0.25,0.5,-1,ms,,km,0.0,0.0023920172010606366,0.0017030104503018375,0.0017030104503018375,5.0,8917.0,0.0,0.0,0.0018312904992550969
5,km#mean,ms#0.25,zipf,adm,n,50,0.5,"0.50,0.50","zipf#5,50,5,2",anony,5,yago,0.25,0.5,-1,ms,2.0,km,1.0,0.016269186411340276,0.014977393127418553,0.014977393127418553,5.0,8917.0,0.0,0.0,0.01570845970953474
5,km#mean,ms#0.50,te,adm,n,50,0.5,"0.50,0.50","te#5,50,5",anony,5,yago,0.5,0.5,-1,ms,,km,0.0,0.0020000043545990906,0.001743551231657079,0.001743551231657079,1.0,8917.0,0.0,0.0,0.001887859014237983
5,km#mean,ms#0.50,zipf,adm,n,50,0.5,"0.50,0.50","zipf#5,50,5,2",anony,5,yago,0.5,0.5,-1,ms,2.0,km,1.0,0.016170046659862575,0.015338363037405787,0.015338363037405787,1.0,8917.0,0.0,0.0,0.016057901319501466
5,km#mean,ms#0.75,te,adm,n,50,0.5,"0.50,0.50","te#5,50,5",anony,5,yago,0.75,0.5,-1,ms,,km,0.0,0.002068673821787038,0.001755212564433855,0.001755212564433855,0.0,8917.0,0.0,0.0,0.002068673821787038
5,km#mean,ms#0.75,zipf,adm,n,50,0.5,"0.50,0.50","zipf#5,50,5,2",anony,5,yago,0.75,0.5,-1,ms,2.0,km,1.0,0.016130710987933717,0.015430200367958792,0.015430200367958792,0.0,8917.0,0.0,0.0,0.016130710987933717
5,km#mean,ms#1.00,te,adm,n,50,0.5,"0.50,0.50","te#5,50,5",anony,5,yago,1.0,0.5,-1,ms,,km,0.0,0.0020636718256205554,0.0017508602229087864,0.0017508602229087864,0.0,8917.0,0.0,0.0,0.0020636718256205554
5,km#mean,ms#1.00,zipf,adm,n,50,0.5,"0.50,0.50","zipf#5,50,5,2",anony,5,yago,1.0,0.5,-1,ms,2.0,km,1.0,0.016164360058405342,0.015511951279721325,0.015511951279721325,0.0,8917.0,0.0,0.0,0.016164360058405342
5,km#mean,sr,te,adm,n,50,0.5,"0.50,0.50","te#5,50,5",anony,5,yago,,0.5,-1,sr,,km,0.0,0.24884854436253698,0.0072846348778774685,0.0072846348778774685,1931.0,8917.0,0.0,82.0,0.032295892125237445
5,km#mean,sr,zipf,adm,n,50,0.5,"0.50,0.50","zipf#5,50,5,2",anony,5,yago,,0.5,-1,sr,2.0,km,1.0,0.3971834576029413,0.017707845666258423,0.017707845666258423,3291.6666666666665,8917.0,0.0,13.0,0.028038378914294143
5,km#min,kp#0,te,adm,n,50,0.5,"0.50,0.50","te#5,50,5",anony,5,yago,0.0,0.5,-1,kp,,km,0.0,0.4223198934582622,0.010221720163807886,0.010221720163807886,3712.0,8917.0,0.0,95.0,0.006036390037829332
5,km#min,kp#0,zipf,adm,n,50,0.5,"0.50,0.50","zipf#5,50,5,2",anony,5,yago,0.0,0.5,-1,kp,2.0,km,1.0,0.3976930536442971,0.010411409745595498,0.010411409745595498,3488.6666666666665,8917.0,0.0,2.3333333333333335,0.006455342904511649
5,km#min,kp#0.25,te,adm,n,50,0.5,"0.50,0.50","te#5,50,5",anony,5,yago,0.25,0.5,-1,kp,,km,0.0,0.016234293174400068,0.015477820813435609,0.015477820813435609,5.0,8917.0,0.0,168.0,0.015673566472594526
5,km#min,kp#0.25,zipf,adm,n,50,0.5,"0.50,0.50","zipf#5,50,5,2",anony,5,yago,0.25,0.5,-1,kp,2.0,km,1.0,0.016614349860425155,0.01569860489737632,0.01569860489737632,5.0,8917.0,0.0,2.6666666666666665,0.01605362315861962
5,km#min,kp#0.50,te,adm,n,50,0.5,"0.50,0.50","te#5,50,5",anony,5,yago,0.5,0.5,-1,kp,,km,0.0,0.01651331900836884,0.016058385797005064,0.016058385797005064,1.0,8917.0,0.0,166.0,0.01640117366800773
5,km#min,kp#0.50,zipf,adm,n,50,0.5,"0.50,0.50","zipf#5,50,5,2",anony,5,yago,0.5,0.5,-1,kp,2.0,km,1.0,0.016945353306600745,0.016446340348243996,0.016446340348243996,1.0,8917.0,0.0,2.0,0.016833207966239636
5,km#min,kp#0.75,te,adm,n,50,0.5,"0.50,0.50","te#5,50,5",anony,5,yago,0.75,0.5,-1,kp,,km,0.0,0.016648335272508127,0.016272779974000527,0.016272779974000527,0.0,8917.0,0.0,166.0,0.016648335272508127
5,km#min,kp#0.75,zipf,adm,n,50,0.5,"0.50,0.50","zipf#5,50,5,2",anony,5,yago,0.75,0.5,-1,kp,2.0,km,1.0,0.017143533768502625,0.01664126351779064,0.01664126351779064,0.0,8917.0,0.0,3.3333333333333335,0.017143533768502625
5,km#min,kp#1.00,te,adm,n,50,0.5,"0.50,0.50","te#5,50,5",anony,5,yago,1.0,0.5,-1,kp,,km,0.0,0.016521274775706217,0.016157398972429203,0.016157398972429203,0.0,8917.0,0.0,166.0,0.016521274775706217
5,km#min,kp#1.00,zipf,adm,n,50,0.5,"0.50,0.50","zipf#5,50,5,2",anony,5,yago,1.0,0.5,-1,kp,2.0,km,1.0,0.017035336646118254,0.01652587698214195,0.01652587698214195,0.0,8917.0,0.0,2.3333333333333335,0.017035336646118254
5,km#min,ms#0,te,adm,n,50,0.5,"0.50,0.50","te#5,50,5",anony,5,yago,0.0,0.5,-1,ms,,km,0.0,0.21585633288468964,0.0012116319656748805,0.0012116319656748805,1916.0,8917.0,0.0,0.0,0.0009858607528067176
5,km#min,ms#0,zipf,adm,n,50,0.5,"0.50,0.50","zipf#5,50,5,2",anony,5,yago,0.0,0.5,-1,ms,2.0,km,1.0,0.36813394775208513,0.009622808712818,0.009622808712818,3224.0,8917.0,0.0,0.0,0.006577370427872956
5,km#min,ms#0.25,te,adm,n,50,0.5,"0.50,0.50","te#5,50,5",anony,5,yago,0.25,0.5,-1,ms,,km,0.0,0.0023920979711149802,0.0017024373266386617,0.0017024373266386617,5.0,8917.0,0.0,0.0,0.00183137126930944
5,km#min,ms#0.25,zipf,adm,n,50,0.5,"0.50,0.50","zipf#5,50,5,2",anony,5,yago,0.25,0.5,-1,ms,2.0,km,1.0,0.01627594708874464,0.01499330607139749,0.01499330607139749,5.0,8917.0,0.0,0.0,0.015715220386939097
5,km#min,ms#0.50,te,adm,n,50,0.5,"0.50,0.50","te#5,50,5",anony,5,yago,0.5,0.5,-1,ms,,km,0.0,0.001963522658647655,0.001717748781554235,0.001717748781554235,1.0,8917.0,0.0,0.0,0.001851377318286547
5,km#min,ms#0.50,zipf,adm,n,50,0.5,"0.50,0.50","zipf#5,50,5,2",anony,5,yago,0.5,0.5,-1,ms,2.0,km,1.0,0.016434056288629376,0.0154827728977935,0.0154827728977935,1.0,8917.0,0.0,0.0,0.016321910948268268
5,km#min,ms#0.75,te,adm,n,50,0.5,"0.50,0.50","te#5,50,5",anony,5,yago,0.75,0.5,-1,ms,,km,0.0,0.0021170205721894493,0.0017485836836443173,0.0017485836836443173,0.0,8917.0,0.0,0.0,0.0021170205721894493
5,km#min,ms#0.75,zipf,adm,n,50,0.5,"0.50,0.50","zipf#5,50,5,2",anony,5,yago,0.75,0.5,-1,ms,2.0,km,1.0,0.01617732357054724,0.015535857264634195,0.015535857264634195,0.0,8917.0,0.0,0.0,0.01617732357054724
5,km#min,ms#1.00,te,adm,n,50,0.5,"0.50,0.50","te#5,50,5",anony,5,yago,1.0,0.5,-1,ms,,km,0.0,0.002119901252670063,0.00175242166897127,0.00175242166897127,0.0,8917.0,0.0,0.0,0.002119901252670063
5,km#min,ms#1.00,zipf,adm,n,50,0.5,"0.50,0.50","zipf#5,50,5,2",anony,5,yago,1.0,0.5,-1,ms,2.0,km,1.0,0.016092053745145076,0.01544609411501236,0.01544609411501236,0.0,8917.0,0.0,0.0,0.016092053745145076
5,km#min,sr,te,adm,n,50,0.5,"0.50,0.50","te#5,50,5",anony,5,yago,,0.5,-1,sr,,km,0.0,0.24242042960899093,0.006792615861812778,0.006792615861812778,1916.0,8917.0,0.0,87.0,0.027549957477108047
5,km#min,sr,zipf,adm,n,50,0.5,"0.50,0.50","zipf#5,50,5,2",anony,5,yago,,0.5,-1,sr,2.0,km,1.0,0.39168431827704325,0.017036340162039514,0.017036340162039514,3224.0,8917.0,0.0,11.333333333333334,0.03012774095283105
5,vac,kp#0,te,adm,n,50,0.5,"0.50,0.50","te#5,50,5",anony,5,yago,0.0,0.5,-1,kp,,vac,0.0,1.0,1.0,1.0,8917.0,8917.0,0.0,0.0,1.0
5,vac,kp#0,zipf,adm,n,50,0.5,"0.50,0.50","zipf#5,50,5,2",anony,5,yago,0.0,0.5,-1,kp,2.0,vac,1.0,0.8832123183216886,0.010710588675789732,0.010710588675789732,7864.333333333333,8917.0,0.0,0.0,0.001263979941815036
5,vac,kp#0.25,te,adm,n,50,0.5,"0.50,0.50","te#5,50,5",anony,5,yago,0.25,0.5,-1,kp,,vac,0.0,1.0,1.0,1.0,8917.0,8917.0,0.0,0.0,1.0
5,vac,kp#0.25,zipf,adm,n,50,0.5,"0.50,0.50","zipf#5,50,5,2",anony,5,yago,0.25,0.5,-1,kp,2.0,vac,1.0,0.017114810232331305,0.016125874472850233,0.016125874472850233,4.666666666666667,8917.0,0.0,27.0,0.01659146531064614
5,vac,kp#0.50,te,adm,n,50,0.5,"0.50,0.50","te#5,50,5",anony,5,yago,0.5,0.5,-1,kp,,vac,0.0,1.0,1.0,1.0,8917.0,8917.0,0.0,0.0,1.0
5,vac,kp#0.50,zipf,adm,n,50,0.5,"0.50,0.50","zipf#5,50,5,2",anony,5,yago,0.5,0.5,-1,kp,2.0,vac,1.0,0.01736724195854254,0.016456806064266586,0.016456806064266586,1.0,8917.0,0.0,36.333333333333336,0.01725509661818143
5,vac,kp#0.75,te,adm,n,50,0.5,"0.50,0.50","te#5,50,5",anony,5,yago,0.75,0.5,-1,kp,,vac,0.0,1.0,1.0,1.0,8917.0,8917.0,0.0,0.0,1.0
5,vac,kp#0.75,zipf,adm,n,50,0.5,"0.50,0.50","zipf#5,50,5,2",anony,5,yago,0.75,0.5,-1,kp,2.0,vac,1.0,0.017403998019949605,0.016604400199422786,0.016604400199422786,0.0,8917.0,0.0,31.666666666666668,0.017403998019949605
5,vac,kp#1.00,te,adm,n,50,0.5,"0.50,0.50","te#5,50,5",anony,5,yago,1.0,0.5,-1,kp,,vac,0.0,1.0,1.0,1.0,8917.0,8917.0,0.0,0.0,1.0
5,vac,kp#1.00,zipf,adm,n,50,0.5,"0.50,0.50","zipf#5,50,5,2",anony,5,yago,1.0,0.5,-1,kp,2.0,vac,1.0,0.01741034048815857,0.016623719503367242,0.016623719503367242,0.0,8917.0,0.0,30.333333333333332,0.01741034048815857
5,vac,ms#0,te,adm,n,50,0.5,"0.50,0.50","te#5,50,5",anony,5,yago,0.0,0.5,-1,ms,,vac,0.0,0.002195872911159685,0.0014119639448721582,0.0014119639448721582,7.0,8917.0,0.0,0.0,0.0014108555286319296
5,vac,ms#0,zipf,adm,n,50,0.5,"0.50,0.50","zipf#5,50,5,2",anony,5,yago,0.0,0.5,-1,ms,2.0,vac,1.0,0.007013121752500601,0.0025810622520170646,0.0025810622520170646,22.0,8917.0,0.0,0.0,0.004545924264556224
5,vac,ms#0.25,te,adm,n,50,0.5,"0.50,0.50","te#5,50,5",anony,5,yago,0.25,0.5,-1,ms,,vac,0.0,0.002195872911159685,0.0014119639448721582,0.0014119639448721582,7.0,8917.0,0.0,0.0,0.0014108555286319296
5,vac,ms#0.25,zipf,adm,n,50,0.5,"0.50,0.50","zipf#5,50,5,2",anony,5,yago,0.25,0.5,-1,ms,2.0,vac,1.0,0.005071647940061113,0.002618229066824312,0.002618229066824312,3.0,8917.0,0.0,0.0,0.004735211918977789
5,vac,ms#0.50,te,adm,n,50,0.5,"0.50,0.50","te#5,50,5",anony,5,yago,0.5,0.5,-1,ms,,vac,0.0,0.0020926869029836907,0.0014194359206572919,0.0014194359206572919,6.0,8917.0,0.0,0.0,0.0014198148608170426
5,vac,ms#0.50,zipf,adm,n,50,0.5,"0.50,0.50","zipf#5,50,5,2",anony,5,yago,0.5,0.5,-1,ms,2.0,vac,1.0,0.004905701303716603,0.002645329236364439,0.002645329236364439,1.0,8917.0,0.0,0.0,0.004793555963355496
5,vac,ms#0.75,te,adm,n,50,0.5,"0.50,0.50","te#5,50,5",anony,5,yago,0.75,0.5,-1,ms,,vac,0.0,0.0020926869029836907,0.0014194359206572919,0.0014194359206572919,6.0,8917.0,0.0,0.0,0.0014198148608170426
5,vac,ms#0.75,zipf,adm,n,50,0.5,"0.50,0.50","zipf#5,50,5,2",anony,5,yago,0.75,0.5,-1,ms,2.0,vac,1.0,0.004823009522893578,0.002668855942021299,0.002668855942021299,0.0,8917.0,0.0,0.0,0.004823009522893578
5,vac,ms#1.00,te,adm,n,50,0.5,"0.50,0.50","te#5,50,5",anony,5,yago,1.0,0.5,-1,ms,,vac,0.0,0.0020926869029836907,0.0014194359206572919,0.0014194359206572919,6.0,8917.0,0.0,0.0,0.0014198148608170426
5,vac,ms#1.00,zipf,adm,n,50,0.5,"0.50,0.50","zipf#5,50,5,2",anony,5,yago,1.0,0.5,-1,ms,2.0,vac,1.0,0.004823009522893578,0.002668855942021299,0.002668855942021299,0.0,8917.0,0.0,0.0,0.004823009522893578
5,vac,sr,te,adm,n,50,0.5,"0.50,0.50","te#5,50,5",anony,5,yago,,0.5,-1,sr,,vac,0.0,0.002195872911159685,0.0014119639448721582,0.0014119639448721582,7.0,8917.0,0.0,0.0,0.0014108555286319296
5,vac,sr,zipf,adm,n,50,0.5,"0.50,0.50","zipf#5,50,5,2",anony,5,yago,,0.5,-1,sr,2.0,vac,1.0,0.007013121752500601,0.0025810622520170646,0.0025810622520170646,22.0,8917.0,0.0,0.0,0.004545924264556224
